,_id,clusterID,connectionTime,disconnectTime,doneChargingTime,kWhDelivered,sessionID,siteID,spaceID,stationID,timezone,userID,userInputs
0,5daf9f0ff9af8b1d29c0a380,0039,2019-10-06 15:27:45-07:00,2019-10-06 15:37:16-07:00,2019-10-06 15:37:12-07:00,1.019,2_39_124_22_2019-10-06 22:27:44.874484,0002,CA-312,2-39-124-22,America/Los_Angeles,000000243,"[{'WhPerMile': 200, 'kWhRequested': 24.0, 'milesRequested': 120, 'minutesAvailable': 88, 'modifiedAt': 'Sun, 06 Oct 2019 22:27:57 GMT', 'paymentRequired': True, 'requestedDeparture': 'Sun, 06 Oct 2019 23:55:45 GMT', 'userID': 243}]"
1,5daf9f0ff9af8b1d29c0a381,0039,2019-10-06 16:12:15-07:00,2019-10-06 16:37:43-07:00,2019-10-06 16:37:39-07:00,0.609,2_39_126_20_2019-10-06 23:12:14.637540,0002,CA-310,2-39-126-20,America/Los_Angeles,,
2,5daf9f0ff9af8b1d29c0a382,0039,2019-10-06 17:52:16-07:00,2019-10-08 18:44:48-07:00,2019-10-08 11:44:59-07:00,12.169,2_39_139_28_2019-10-07 00:52:16.312997,0002,CA-303,2-39-139-28,America/Los_Angeles,000001202,"[{'WhPerMile': 400, 'kWhRequested': 15.2, 'milesRequested': 38, 'minutesAvailable': 173, 'modifiedAt': 'Mon, 07 Oct 2019 00:52:42 GMT', 'paymentRequired': True, 'requestedDeparture': 'Mon, 07 Oct 2019 03:45:16 GMT', 'userID': 1202}]"
3,5daf9f0ff9af8b1d29c0a383,0039,2019-10-06 18:00:30-07:00,2019-10-06 18:54:22-07:00,2019-10-06 18:54:18-07:00,3.051,2_39_138_29_2019-10-07 01:00:30.197891,0002,CA-304,2-39-138-29,America/Los_Angeles,000000365,"[{'WhPerMile': 333, 'kWhRequested': 6.66, 'milesRequested': 20, 'minutesAvailable': 68, 'modifiedAt': 'Mon, 07 Oct 2019 01:00:43 GMT', 'paymentRequired': True, 'requestedDeparture': 'Mon, 07 Oct 2019 02:08:30 GMT', 'userID': 365}]"
4,5db0f09ff9af8b20d1400884,0039,2019-10-07 08:17:06-07:00,2019-10-07 17:27:10-07:00,2019-10-07 17:26:32-07:00,45.037,2_39_78_366_2019-10-07 15:17:05.942097,0002,CA-323,2-39-78-366,America/Los_Angeles,000000569,"[{'WhPerMile': 300, 'kWhRequested': 45.0, 'milesRequested': 150, 'minutesAvailable': 523, 'modifiedAt': 'Mon, 07 Oct 2019 15:17:44 GMT', 'paymentRequired': True, 'requestedDeparture': 'Tue, 08 Oct 2019 00:00:06 GMT', 'userID': 569}]"
5,5db0f09ff9af8b20d1400885,0039,2019-10-07 08:37:09-07:00,2019-10-07 18:15:55-07:00,2019-10-07 12:22:10-07:00,12.559,2_39_131_30_2019-10-07 15:37:08.977824,0002,CA-305,2-39-131-30,America/Los_Angeles,000000712,"[{'WhPerMile': 600, 'kWhRequested': 30.0, 'milesRequested': 50, 'minutesAvailable': 404, 'modifiedAt': 'Mon, 07 Oct 2019 15:37:14 GMT', 'paymentRequired': True, 'requestedDeparture': 'Mon, 07 Oct 2019 22:21:09 GMT', 'userID': 712}]"
6,5db0f09ff9af8b20d1400886,0039,2019-10-07 08:44:40-07:00,2019-10-07 12:02:43-07:00,2019-10-07 12:02:38-07:00,11.494,2_39_78_367_2019-10-07 15:44:39.935956,0002,CA-494,2-39-78-367,America/Los_Angeles,000001470,"[{'WhPerMile': 292, 'kWhRequested': 29.2, 'milesRequested': 100, 'minutesAvailable': 428, 'modifiedAt': 'Mon, 07 Oct 2019 15:45:04 GMT', 'paymentRequired': True, 'requestedDeparture': 'Mon, 07 Oct 2019 22:52:40 GMT', 'userID': 1470}]"
7,5db0f09ff9af8b20d1400887,0039,2019-10-07 08:55:37-07:00,2019-10-07 17:45:43-07:00,2019-10-07 10:50:29-07:00,5.946,2_39_95_27_2019-10-07 15:55:37.416718,0002,CA-319,2-39-95-27,America/Los_Angeles,000001222,"[{'WhPerMile': 400, 'kWhRequested': 8.0, 'milesRequested': 20, 'minutesAvailable': 72, 'modifiedAt': 'Mon, 07 Oct 2019 15:55:55 GMT', 'paymentRequired': True, 'requestedDeparture': 'Mon, 07 Oct 2019 17:07:37 GMT', 'userID': 1222}]"
8,5db0f09ff9af8b20d1400888,0039,2019-10-07 08:56:04-07:00,2019-10-07 17:52:24-07:00,2019-10-07 12:44:37-07:00,17.95,2_39_79_379_2019-10-07 15:56:04.252027,0002,CA-327,2-39-79-379,America/Los_Angeles,000001104,"[{'WhPerMile': 250, 'kWhRequested': 37.5, 'milesRequested': 150, 'minutesAvailable': 436, 'modifiedAt': 'Mon, 07 Oct 2019 15:57:28 GMT', 'paymentRequired': True, 'requestedDeparture': 'Mon, 07 Oct 2019 23:12:04 GMT', 'userID': 1104}]"
9,5db0f09ff9af8b20d1400889,0039,2019-10-07 09:01:48-07:00,2019-10-07 16:35:11-07:00,2019-10-07 16:35:06-07:00,39.574,2_39_79_383_2019-10-07 16:01:32.936869,0002,CA-492,2-39-79-383,America/Los_Angeles,000002743,"[{'WhPerMile': 240, 'kWhRequested': 60.0, 'milesRequested': 250, 'minutesAvailable': 549, 'modifiedAt': 'Mon, 07 Oct 2019 16:01:47 GMT', 'paymentRequired': True, 'requestedDeparture': 'Tue, 08 Oct 2019 01:10:48 GMT', 'userID': 2743}]"
10,5db0f09ff9af8b20d140088a,0039,2019-10-07 09:08:11-07:00,2019-10-07 16:28:22-07:00,2019-10-07 13:09:45-07:00,0.883,2_39_130_31_2019-10-07 16:08:10.942190,0002,CA-306,2-39-130-31,America/Los_Angeles,,
11,5db0f09ff9af8b20d140088b,0039,2019-10-07 09:21:18-07:00,2019-10-07 17:56:53-07:00,2019-10-07 11:20:22-07:00,10.803,2_39_79_380_2019-10-07 16:21:18.296313,0002,CA-489,2-39-79-380,America/Los_Angeles,000000069,"[{'WhPerMile': 400, 'kWhRequested': 40.0, 'milesRequested': 100, 'minutesAvailable': 383, 'modifiedAt': 'Mon, 07 Oct 2019 16:21:27 GMT', 'paymentRequired': True, 'requestedDeparture': 'Mon, 07 Oct 2019 22:44:18 GMT', 'userID': 69}]"
12,5db0f09ff9af8b20d140088c,0039,2019-10-07 09:30:03-07:00,2019-10-07 15:52:10-07:00,2019-10-07 13:23:28-07:00,6.604,2_39_79_376_2019-10-07 16:30:03.111659,0002,CA-324,2-39-79-376,America/Los_Angeles,000000714,"[{'WhPerMile': 200, 'kWhRequested': 16.0, 'milesRequested': 80, 'minutesAvailable': 458, 'modifiedAt': 'Mon, 07 Oct 2019 16:30:17 GMT', 'paymentRequired': True, 'requestedDeparture': 'Tue, 08 Oct 2019 00:08:03 GMT', 'userID': 714}]"
13,5db0f09ff9af8b20d140088d,0039,2019-10-07 09:38:10-07:00,2019-10-07 18:20:51-07:00,2019-10-07 14:25:26-07:00,16.021,2_39_91_437_2019-10-07 16:38:10.475388,0002,CA-317,2-39-91-437,America/Los_Angeles,000000676,"[{'WhPerMile': 364, 'kWhRequested': 21.84, 'milesRequested': 60, 'minutesAvailable': 720, 'modifiedAt': 'Mon, 07 Oct 2019 16:38:25 GMT', 'paymentRequired': True, 'requestedDeparture': 'Tue, 08 Oct 2019 04:38:10 GMT', 'userID': 676}]"
14,5db0f09ff9af8b20d140088e,0039,2019-10-07 09:44:50-07:00,2019-10-07 16:34:00-07:00,2019-10-07 13:56:33-07:00,0.875,2_39_78_361_2019-10-07 16:44:50.089313,0002,CA-493,2-39-78-361,America/Los_Angeles,,
15,5db0f09ff9af8b20d140088f,0039,2019-10-07 09:49:13-07:00,2019-10-07 17:21:20-07:00,2019-10-07 13:00:43-07:00,18.2809275,2_39_89_25_2019-10-07 16:49:12.806759,0002,CA-315,2-39-89-25,America/Los_Angeles,000003250,"[{'WhPerMile': 300, 'kWhRequested': 18.0, 'milesRequested': 60, 'minutesAvailable': 383, 'modifiedAt': 'Mon, 07 Oct 2019 16:50:06 GMT', 'paymentRequired': True, 'requestedDeparture': 'Mon, 07 Oct 2019 23:12:13 GMT', 'userID': 3250}, {'WhPerMile': 300, 'kWhRequested': 18.0, 'milesRequested': 60, 'minutesAvailable': 238, 'modifiedAt': 'Mon, 07 Oct 2019 19:49:06 GMT', 'paymentRequired': True, 'requestedDeparture': 'Mon, 07 Oct 2019 20:47:13 GMT', 'userID': 3250}, {'WhPerMile': 300, 'kWhRequested': 18.0, 'milesRequested': 60, 'minutesAvailable': 239, 'modifiedAt': 'Mon, 07 Oct 2019 19:50:13 GMT', 'paymentRequired': True, 'requestedDeparture': 'Mon, 07 Oct 2019 20:48:13 GMT', 'userID': 3250}, {'WhPerMile': 300, 'kWhRequested': 21.0, 'milesRequested': 70, 'minutesAvailable': 240, 'modifiedAt': 'Mon, 07 Oct 2019 19:50:25 GMT', 'paymentRequired': True, 'requestedDeparture': 'Mon, 07 Oct 2019 20:49:13 GMT', 'userID': 3250}, {'WhPerMile': 300, 'kWhRequested': 21.0, 'milesRequested': 70, 'minutesAvailable': 240, 'modifiedAt': 'Mon, 07 Oct 2019 19:51:09 GMT', 'paymentRequired': True, 'requestedDeparture': 'Mon, 07 Oct 2019 20:49:13 GMT', 'userID': 3250}, {'WhPerMile': 300, 'kWhRequested': 21.0, 'milesRequested': 70, 'minutesAvailable': 241, 'modifiedAt': 'Mon, 07 Oct 2019 19:52:26 GMT', 'paymentRequired': True, 'requestedDeparture': 'Mon, 07 Oct 2019 20:50:13 GMT', 'userID': 3250}, {'WhPerMile': 300, 'kWhRequested': 21.0, 'milesRequested': 70, 'minutesAvailable': 437, 'modifiedAt': 'Mon, 07 Oct 2019 19:58:44 GMT', 'paymentRequired': True, 'requestedDeparture': 'Tue, 08 Oct 2019 00:06:13 GMT', 'userID': 3250}, {'WhPerMile': 300, 'kWhRequested': 21.0, 'milesRequested': 70, 'minutesAvailable': 437, 'modifiedAt': 'Mon, 07 Oct 2019 20:00:30 GMT', 'paymentRequired': True, 'requestedDeparture': 'Tue, 08 Oct 2019 00:06:13 GMT', 'userID': 3250}, {'WhPerMile': 300, 'kWhRequested': 18.0, 'milesRequested': 60, 'minutesAvailable': 250, 'modifiedAt': 'Mon, 07 Oct 2019 20:02:23 GMT', 'paymentRequired': True, 'requestedDeparture': 'Mon, 07 Oct 2019 20:59:13 GMT', 'userID': 3250}]"
16,5db0f09ff9af8b20d1400890,0039,2019-10-07 09:58:05-07:00,2019-10-07 21:59:30-07:00,2019-10-07 13:14:51-07:00,2.857,2_39_123_23_2019-10-07 16:58:04.754400,0002,CA-313,2-39-123-23,America/Los_Angeles,000002170,"[{'WhPerMile': 357, 'kWhRequested': 21.42, 'milesRequested': 60, 'minutesAvailable': 191, 'modifiedAt': 'Mon, 07 Oct 2019 16:58:15 GMT', 'paymentRequired': True, 'requestedDeparture': 'Mon, 07 Oct 2019 20:09:05 GMT', 'userID': 2170}]"
17,5db0f09ff9af8b20d1400891,0039,2019-10-07 10:00:02-07:00,2019-10-07 14:18:41-07:00,2019-10-07 13:56:35-07:00,13.91,2_39_78_363_2019-10-07 17:00:01.749311,0002,CA-320,2-39-78-363,America/Los_Angeles,000000558,"[{'WhPerMile': 200, 'kWhRequested': 14.0, 'milesRequested': 70, 'minutesAvailable': 120, 'modifiedAt': 'Mon, 07 Oct 2019 17:00:05 GMT', 'paymentRequired': True, 'requestedDeparture': 'Mon, 07 Oct 2019 19:00:02 GMT', 'userID': 558}]"
18,5db0f09ff9af8b20d1400892,0039,2019-10-07 10:04:03-07:00,2019-10-07 17:59:34-07:00,2019-10-07 14:24:12-07:00,10.216,2_39_78_365_2019-10-07 17:04:02.807481,0002,CA-321,2-39-78-365,America/Los_Angeles,000001095,"[{'WhPerMile': 469, 'kWhRequested': 14.07, 'milesRequested': 30, 'minutesAvailable': 459, 'modifiedAt': 'Mon, 07 Oct 2019 17:04:21 GMT', 'paymentRequired': True, 'requestedDeparture': 'Tue, 08 Oct 2019 00:43:03 GMT', 'userID': 1095}]"
19,5db0f09ff9af8b20d1400893,0039,2019-10-07 10:13:37-07:00,2019-10-07 17:57:30-07:00,2019-10-07 14:58:30-07:00,9.79,2_39_79_378_2019-10-07 17:13:36.936482,0002,CA-326,2-39-79-378,America/Los_Angeles,000000697,"[{'WhPerMile': 300, 'kWhRequested': 15.0, 'milesRequested': 50, 'minutesAvailable': 411, 'modifiedAt': 'Mon, 07 Oct 2019 17:14:19 GMT', 'paymentRequired': True, 'requestedDeparture': 'Tue, 08 Oct 2019 00:04:37 GMT', 'userID': 697}]"
20,5db0f09ff9af8b20d1400894,0039,2019-10-07 10:31:14-07:00,2019-10-07 17:48:56-07:00,2019-10-07 17:48:47-07:00,48.349,2_39_91_441_2019-10-07 17:31:14.233346,0002,CA-499,2-39-91-441,America/Los_Angeles,000001208,"[{'WhPerMile': 435, 'kWhRequested': 100.05, 'milesRequested': 230, 'minutesAvailable': 121, 'modifiedAt': 'Mon, 07 Oct 2019 17:34:34 GMT', 'paymentRequired': True, 'requestedDeparture': 'Mon, 07 Oct 2019 19:32:14 GMT', 'userID': 1208}]"
21,5db0f09ff9af8b20d1400895,0039,2019-10-07 11:04:42-07:00,2019-10-07 17:12:59-07:00,2019-10-07 16:14:19-07:00,10.168,2_39_78_360_2019-10-07 18:04:42.136324,0002,CA-322,2-39-78-360,America/Los_Angeles,000000559,"[{'WhPerMile': 357, 'kWhRequested': 10.71, 'milesRequested': 30, 'minutesAvailable': 374, 'modifiedAt': 'Mon, 07 Oct 2019 18:05:33 GMT', 'paymentRequired': True, 'requestedDeparture': 'Tue, 08 Oct 2019 00:18:42 GMT', 'userID': 559}]"
22,5db0f09ff9af8b20d1400896,0039,2019-10-07 11:21:02-07:00,2019-10-07 14:05:53-07:00,2019-10-07 11:44:12-07:00,0.76,2_39_88_24_2019-10-07 18:21:01.734375,0002,CA-314,2-39-88-24,America/Los_Angeles,000001366,"[{'WhPerMile': 600, 'kWhRequested': 12.0, 'milesRequested': 20, 'minutesAvailable': 242, 'modifiedAt': 'Mon, 07 Oct 2019 18:21:17 GMT', 'paymentRequired': True, 'requestedDeparture': 'Mon, 07 Oct 2019 22:23:02 GMT', 'userID': 1366}]"
23,5db0f09ff9af8b20d1400897,0039,2019-10-07 11:29:19-07:00,2019-10-07 12:19:37-07:00,2019-10-07 12:20:36-07:00,0.868,2_39_95_444_2019-10-07 18:29:19.007017,0002,CA-497,2-39-95-444,America/Los_Angeles,,
24,5db0f09ff9af8b20d1400898,0039,2019-10-07 11:48:58-07:00,2019-10-07 17:41:56-07:00,2019-10-07 14:07:49-07:00,14.892,2_39_88_438_2019-10-07 18:48:58.186788,0002,CA-502,2-39-88-438,America/Los_Angeles,000000832,"[{'WhPerMile': 300, 'kWhRequested': 15.0, 'milesRequested': 50, 'minutesAvailable': 322, 'modifiedAt': 'Mon, 07 Oct 2019 18:49:50 GMT', 'paymentRequired': True, 'requestedDeparture': 'Tue, 08 Oct 2019 00:10:58 GMT', 'userID': 832}]"
25,5db0f09ff9af8b20d1400899,0039,2019-10-07 11:57:59-07:00,2019-10-07 13:40:11-07:00,2019-10-07 13:40:06-07:00,11.036,2_39_90_26_2019-10-07 18:57:59.174314,0002,CA-316,2-39-90-26,America/Los_Angeles,000001137,"[{'WhPerMile': 400, 'kWhRequested': 28.0, 'milesRequested': 70, 'minutesAvailable': 300, 'modifiedAt': 'Mon, 07 Oct 2019 18:58:20 GMT', 'paymentRequired': True, 'requestedDeparture': 'Mon, 07 Oct 2019 23:57:59 GMT', 'userID': 1137}]"
26,5db0f09ff9af8b20d140089a,0039,2019-10-07 12:20:08-07:00,2019-10-07 12:57:30-07:00,2019-10-07 12:50:43-07:00,0.891,2_39_78_367_2019-10-07 19:20:07.648674,0002,CA-494,2-39-78-367,America/Los_Angeles,,
27,5db0f09ff9af8b20d140089b,0039,2019-10-07 12:20:21-07:00,2019-10-07 17:11:18-07:00,2019-10-07 13:20:26-07:00,2.7880000000000003,2_39_95_444_2019-10-07 19:20:20.844353,0002,CA-497,2-39-95-444,America/Los_Angeles,000003389,"[{'WhPerMile': 500, 'kWhRequested': 10.0, 'milesRequested': 20, 'minutesAvailable': 286, 'modifiedAt': 'Mon, 07 Oct 2019 19:20:57 GMT', 'paymentRequired': True, 'requestedDeparture': 'Tue, 08 Oct 2019 00:06:21 GMT', 'userID': 3389}]"
28,5db0f09ff9af8b20d140089c,0039,2019-10-07 12:40:37-07:00,2019-10-07 15:43:24-07:00,2019-10-07 13:46:21-07:00,2.384,2_39_127_19_2019-10-07 19:40:37.177679,0002,CA-309,2-39-127-19,America/Los_Angeles,000000560,"[{'WhPerMile': 273, 'kWhRequested': 8.19, 'milesRequested': 30, 'minutesAvailable': 185, 'modifiedAt': 'Mon, 07 Oct 2019 19:41:35 GMT', 'paymentRequired': True, 'requestedDeparture': 'Mon, 07 Oct 2019 22:45:37 GMT', 'userID': 560}]"
29,5db0f09ff9af8b20d140089d,0039,2019-10-07 13:22:27-07:00,2019-10-07 16:54:01-07:00,2019-10-07 16:53:43-07:00,17.394,2_39_78_367_2019-10-07 20:22:26.772621,0002,CA-494,2-39-78-367,America/Los_Angeles,000001470,"[{'WhPerMile': 292, 'kWhRequested': 17.52, 'milesRequested': 60, 'minutesAvailable': 207, 'modifiedAt': 'Mon, 07 Oct 2019 20:22:38 GMT', 'paymentRequired': True, 'requestedDeparture': 'Mon, 07 Oct 2019 23:49:27 GMT', 'userID': 1470}]"
30,5db0f09ff9af8b20d140089e,0039,2019-10-07 16:02:34-07:00,2019-10-07 16:56:49-07:00,2019-10-07 16:51:57-07:00,5.329,2_39_90_26_2019-10-07 23:02:34.464461,0002,CA-316,2-39-90-26,America/Los_Angeles,000002950,"[{'WhPerMile': 278, 'kWhRequested': 8.34, 'milesRequested': 30, 'minutesAvailable': 70, 'modifiedAt': 'Mon, 07 Oct 2019 23:02:51 GMT', 'paymentRequired': True, 'requestedDeparture': 'Tue, 08 Oct 2019 00:12:34 GMT', 'userID': 2950}, {'WhPerMile': 278, 'kWhRequested': 8.34, 'milesRequested': 30, 'minutesAvailable': 70, 'modifiedAt': 'Mon, 07 Oct 2019 23:56:35 GMT', 'paymentRequired': True, 'requestedDeparture': 'Tue, 08 Oct 2019 00:12:34 GMT', 'userID': 2950}]"
31,5db0f09ff9af8b20d140089f,0039,2019-10-07 16:45:03-07:00,2019-10-07 17:12:14-07:00,2019-10-07 17:12:10-07:00,0.751,2_39_125_21_2019-10-07 23:45:03.010336,0002,CA-311,2-39-125-21,America/Los_Angeles,,
32,5db0f09ff9af8b20d14008a0,0039,2019-10-07 18:25:38-07:00,2019-10-07 20:20:50-07:00,2019-10-07 20:11:30-07:00,10.113,2_39_131_30_2019-10-08 01:25:37.874213,0002,CA-305,2-39-131-30,America/Los_Angeles,000001133,"[{'WhPerMile': 400, 'kWhRequested': 28.0, 'milesRequested': 70, 'minutesAvailable': 226, 'modifiedAt': 'Tue, 08 Oct 2019 01:25:50 GMT', 'paymentRequired': True, 'requestedDeparture': 'Tue, 08 Oct 2019 05:11:38 GMT', 'userID': 1133}]"
33,5db0f09ff9af8b20d14008a1,0039,2019-10-07 18:46:45-07:00,2019-10-07 20:37:01-07:00,2019-10-07 19:33:08-07:00,3.702,2_39_130_31_2019-10-08 01:46:29.555825,0002,CA-306,2-39-130-31,America/Los_Angeles,000003123,"[{'WhPerMile': 444, 'kWhRequested': 8.88, 'milesRequested': 20, 'minutesAvailable': 94, 'modifiedAt': 'Tue, 08 Oct 2019 01:46:44 GMT', 'paymentRequired': True, 'requestedDeparture': 'Tue, 08 Oct 2019 03:20:45 GMT', 'userID': 3123}]"
34,5db0f09ff9af8b20d14008a2,0039,2019-10-07 19:41:48-07:00,2019-10-07 22:21:12-07:00,2019-10-07 22:18:18-07:00,15.968,2_39_125_21_2019-10-08 02:41:47.776301,0002,CA-311,2-39-125-21,America/Los_Angeles,000001099,"[{'WhPerMile': 438, 'kWhRequested': 35.04, 'milesRequested': 80, 'minutesAvailable': 134, 'modifiedAt': 'Tue, 08 Oct 2019 02:42:10 GMT', 'paymentRequired': True, 'requestedDeparture': 'Tue, 08 Oct 2019 04:55:48 GMT', 'userID': 1099}]"
35,5db0f09ff9af8b20d14008a3,0039,2019-10-07 21:14:47-07:00,2019-10-08 08:08:12-07:00,2019-10-08 06:26:28-07:00,14.898,2_39_131_30_2019-10-08 04:14:46.856983,0002,CA-305,2-39-131-30,America/Los_Angeles,000001152,"[{'WhPerMile': 375, 'kWhRequested': 15.0, 'milesRequested': 40, 'minutesAvailable': 59, 'modifiedAt': 'Tue, 08 Oct 2019 04:14:50 GMT', 'paymentRequired': True, 'requestedDeparture': 'Tue, 08 Oct 2019 05:13:47 GMT', 'userID': 1152}]"
36,5db24220f9af8b252acc2474,0039,2019-10-08 06:47:21-07:00,2019-10-08 18:21:54-07:00,2019-10-08 10:20:32-07:00,23.575,2_39_129_17_2019-10-08 13:47:20.664622,0002,CA-307,2-39-129-17,America/Los_Angeles,000000710,"[{'WhPerMile': 261, 'kWhRequested': 36.54, 'milesRequested': 140, 'minutesAvailable': 458, 'modifiedAt': 'Tue, 08 Oct 2019 13:47:41 GMT', 'paymentRequired': True, 'requestedDeparture': 'Tue, 08 Oct 2019 21:25:21 GMT', 'userID': 710}]"
37,5db24220f9af8b252acc2475,0039,2019-10-08 07:20:54-07:00,2019-10-08 14:09:22-07:00,2019-10-08 13:19:30-07:00,0.927,2_39_79_380_2019-10-08 14:20:54.444135,0002,CA-489,2-39-79-380,America/Los_Angeles,,
38,5db24220f9af8b252acc2476,0039,2019-10-08 08:00:15-07:00,2019-10-08 17:47:29-07:00,2019-10-08 14:35:27-07:00,0.911,2_39_79_383_2019-10-08 15:00:15.495335,0002,CA-492,2-39-79-383,America/Los_Angeles,,
39,5db24220f9af8b252acc2477,0039,2019-10-08 08:16:44-07:00,2019-10-08 15:24:26-07:00,2019-10-08 08:49:38-07:00,3.196,2_39_91_437_2019-10-08 15:16:32.906185,0002,CA-317,2-39-91-437,America/Los_Angeles,000002461,"[{'WhPerMile': 400, 'kWhRequested': 12.0, 'milesRequested': 30, 'minutesAvailable': 377, 'modifiedAt': 'Tue, 08 Oct 2019 15:16:44 GMT', 'paymentRequired': True, 'requestedDeparture': 'Tue, 08 Oct 2019 21:33:44 GMT', 'userID': 2461}]"
40,5db24220f9af8b252acc2478,0039,2019-10-08 08:22:20-07:00,2019-10-08 17:18:23-07:00,2019-10-08 14:12:43-07:00,38.336,2_39_92_442_2019-10-08 15:22:19.524357,0002,CA-498,2-39-92-442,America/Los_Angeles,000000818,"[{'WhPerMile': 400, 'kWhRequested': 52.0, 'milesRequested': 130, 'minutesAvailable': 527, 'modifiedAt': 'Tue, 08 Oct 2019 15:25:48 GMT', 'paymentRequired': True, 'requestedDeparture': 'Wed, 09 Oct 2019 00:09:20 GMT', 'userID': 818}]"
41,5db24220f9af8b252acc2479,0039,2019-10-08 08:28:49-07:00,2019-10-08 17:31:54-07:00,2019-10-08 13:19:40-07:00,0.882,2_39_78_366_2019-10-08 15:28:48.680339,0002,CA-323,2-39-78-366,America/Los_Angeles,,
42,5db24220f9af8b252acc247a,0039,2019-10-08 08:39:31-07:00,2019-10-08 12:57:45-07:00,2019-10-08 09:05:58-07:00,0.763,2_39_79_379_2019-10-08 15:39:30.539118,0002,CA-327,2-39-79-379,America/Los_Angeles,,
43,5db24220f9af8b252acc247b,0039,2019-10-08 08:46:29-07:00,2019-10-08 17:31:55-07:00,2019-10-08 14:34:22-07:00,0.795,2_39_131_30_2019-10-08 15:46:29.207436,0002,CA-305,2-39-131-30,America/Los_Angeles,,
44,5db24220f9af8b252acc247c,0039,2019-10-08 08:47:32-07:00,2019-10-08 19:15:52-07:00,2019-10-08 11:56:52-07:00,10.1,2_39_89_25_2019-10-08 15:47:32.000440,0002,CA-315,2-39-89-25,America/Los_Angeles,000002170,"[{'WhPerMile': 357, 'kWhRequested': 21.42, 'milesRequested': 60, 'minutesAvailable': 191, 'modifiedAt': 'Tue, 08 Oct 2019 15:47:48 GMT', 'paymentRequired': True, 'requestedDeparture': 'Tue, 08 Oct 2019 18:58:32 GMT', 'userID': 2170}]"
45,5db24220f9af8b252acc247d,0039,2019-10-08 08:51:58-07:00,2019-10-08 14:59:58-07:00,2019-10-08 10:50:54-07:00,6.22,2_39_138_29_2019-10-08 15:51:58.040466,0002,CA-304,2-39-138-29,America/Los_Angeles,000001366,"[{'WhPerMile': 600, 'kWhRequested': 12.0, 'milesRequested': 20, 'minutesAvailable': 242, 'modifiedAt': 'Tue, 08 Oct 2019 15:52:18 GMT', 'paymentRequired': True, 'requestedDeparture': 'Tue, 08 Oct 2019 19:53:58 GMT', 'userID': 1366}]"
46,5db24220f9af8b252acc247e,0039,2019-10-08 08:55:46-07:00,2019-10-08 17:57:01-07:00,2019-10-08 10:15:41-07:00,4.5120000000000005,2_39_123_23_2019-10-08 15:55:45.729483,0002,CA-313,2-39-123-23,America/Los_Angeles,000000712,"[{'WhPerMile': 600, 'kWhRequested': 18.0, 'milesRequested': 30, 'minutesAvailable': 404, 'modifiedAt': 'Tue, 08 Oct 2019 15:55:54 GMT', 'paymentRequired': True, 'requestedDeparture': 'Tue, 08 Oct 2019 22:39:46 GMT', 'userID': 712}]"
47,5db24220f9af8b252acc247f,0039,2019-10-08 09:32:09-07:00,2019-10-08 17:51:50-07:00,2019-10-08 11:34:11-07:00,0.91,2_39_79_376_2019-10-08 16:32:08.914669,0002,CA-324,2-39-79-376,America/Los_Angeles,,
48,5db24220f9af8b252acc2480,0039,2019-10-08 09:33:49-07:00,2019-10-08 11:46:10-07:00,2019-10-08 11:34:00-07:00,0.91,2_39_138_566_2019-10-08 16:33:49.232919,0002,CA-512,2-39-138-566,America/Los_Angeles,,
49,5db24220f9af8b252acc2481,0039,2019-10-08 09:34:06-07:00,2019-10-08 11:31:36-07:00,2019-10-08 11:27:39-07:00,0.889,2_39_88_24_2019-10-08 16:34:06.057605,0002,CA-314,2-39-88-24,America/Los_Angeles,,
50,5db24220f9af8b252acc2482,0039,2019-10-08 09:46:36-07:00,2019-10-08 16:07:12-07:00,2019-10-08 10:44:55-07:00,5.8870000000000005,2_39_92_436_2019-10-08 16:46:35.676054,0002,CA-318,2-39-92-436,America/Los_Angeles,000001912,"[{'WhPerMile': 400, 'kWhRequested': 8.0, 'milesRequested': 20, 'minutesAvailable': 60, 'modifiedAt': 'Tue, 08 Oct 2019 16:46:48 GMT', 'paymentRequired': True, 'requestedDeparture': 'Tue, 08 Oct 2019 17:46:36 GMT', 'userID': 1912}, {'WhPerMile': 400, 'kWhRequested': 16.0, 'milesRequested': 40, 'minutesAvailable': 366, 'modifiedAt': 'Tue, 08 Oct 2019 16:47:06 GMT', 'paymentRequired': True, 'requestedDeparture': 'Tue, 08 Oct 2019 22:52:36 GMT', 'userID': 1912}]"
51,5db24220f9af8b252acc2483,0039,2019-10-08 09:49:24-07:00,2019-10-08 11:02:12-07:00,2019-10-08 11:03:11-07:00,4.167,2_39_78_362_2019-10-08 16:49:23.755757,0002,CA-496,2-39-78-362,America/Los_Angeles,000000858,"[{'WhPerMile': 400, 'kWhRequested': 8.0, 'milesRequested': 20, 'minutesAvailable': 223, 'modifiedAt': 'Tue, 08 Oct 2019 16:49:41 GMT', 'paymentRequired': True, 'requestedDeparture': 'Tue, 08 Oct 2019 20:32:24 GMT', 'userID': 858}]"
52,5db24220f9af8b252acc2484,0039,2019-10-08 09:54:44-07:00,2019-10-08 18:23:21-07:00,2019-10-08 11:52:33-07:00,13.539,2_39_91_441_2019-10-08 16:54:24.296140,0002,CA-499,2-39-91-441,America/Los_Angeles,000002961,"[{'WhPerMile': 227, 'kWhRequested': 45.4, 'milesRequested': 200, 'minutesAvailable': 509, 'modifiedAt': 'Tue, 08 Oct 2019 16:54:43 GMT', 'paymentRequired': True, 'requestedDeparture': 'Wed, 09 Oct 2019 01:23:44 GMT', 'userID': 2961}]"
53,5db24220f9af8b252acc2485,0039,2019-10-08 10:02:53-07:00,2019-10-08 22:34:03-07:00,2019-10-08 11:05:48-07:00,2.028,2_39_95_27_2019-10-08 17:02:53.085379,0002,CA-319,2-39-95-27,America/Los_Angeles,000000324,"[{'WhPerMile': 600, 'kWhRequested': 12.0, 'milesRequested': 20, 'minutesAvailable': 120, 'modifiedAt': 'Tue, 08 Oct 2019 17:03:20 GMT', 'paymentRequired': True, 'requestedDeparture': 'Tue, 08 Oct 2019 19:02:53 GMT', 'userID': 324}]"
54,5db24220f9af8b252acc2486,0039,2019-10-08 10:14:54-07:00,2019-10-08 19:09:06-07:00,2019-10-08 17:16:47-07:00,9.905,2_39_90_440_2019-10-08 17:13:09.787167,0002,CA-500,2-39-90-440,America/Los_Angeles,000000558,"[{'WhPerMile': 200, 'kWhRequested': 10.0, 'milesRequested': 50, 'minutesAvailable': 120, 'modifiedAt': 'Tue, 08 Oct 2019 17:14:54 GMT', 'paymentRequired': True, 'requestedDeparture': 'Tue, 08 Oct 2019 19:14:54 GMT', 'userID': 558}]"
55,5db24220f9af8b252acc2487,0039,2019-10-08 10:18:27-07:00,2019-10-08 17:59:31-07:00,2019-10-08 14:05:37-07:00,11.096,2_39_78_364_2019-10-08 17:18:26.723892,0002,CA-495,2-39-78-364,America/Los_Angeles,000001095,"[{'WhPerMile': 469, 'kWhRequested': 14.07, 'milesRequested': 30, 'minutesAvailable': 459, 'modifiedAt': 'Tue, 08 Oct 2019 17:18:38 GMT', 'paymentRequired': True, 'requestedDeparture': 'Wed, 09 Oct 2019 00:57:27 GMT', 'userID': 1095}]"
56,5db24220f9af8b252acc2488,0039,2019-10-08 10:18:51-07:00,2019-10-08 17:56:37-07:00,2019-10-08 13:12:21-07:00,16.357,2_39_79_382_2019-10-08 17:18:50.631632,0002,CA-491,2-39-79-382,America/Los_Angeles,000001104,"[{'WhPerMile': 250, 'kWhRequested': 37.5, 'milesRequested': 150, 'minutesAvailable': 436, 'modifiedAt': 'Tue, 08 Oct 2019 17:19:18 GMT', 'paymentRequired': True, 'requestedDeparture': 'Wed, 09 Oct 2019 00:34:51 GMT', 'userID': 1104}]"
57,5db24220f9af8b252acc2489,0039,2019-10-08 10:55:41-07:00,2019-10-08 14:27:37-07:00,2019-10-08 13:17:59-07:00,1.044,2_39_78_363_2019-10-08 17:55:41.504879,0002,CA-320,2-39-78-363,America/Los_Angeles,,
58,5db24220f9af8b252acc248a,0039,2019-10-08 11:04:03-07:00,2019-10-08 17:17:28-07:00,2019-10-08 12:25:48-07:00,9.117,2_39_88_438_2019-10-08 18:04:02.533630,0002,CA-502,2-39-88-438,America/Los_Angeles,000001470,"[{'WhPerMile': 292, 'kWhRequested': 17.52, 'milesRequested': 60, 'minutesAvailable': 207, 'modifiedAt': 'Tue, 08 Oct 2019 18:04:14 GMT', 'paymentRequired': True, 'requestedDeparture': 'Tue, 08 Oct 2019 21:31:03 GMT', 'userID': 1470}, {'WhPerMile': 292, 'kWhRequested': 17.52, 'milesRequested': 60, 'minutesAvailable': 207, 'modifiedAt': 'Wed, 09 Oct 2019 00:16:42 GMT', 'paymentRequired': True, 'requestedDeparture': 'Tue, 08 Oct 2019 21:31:03 GMT', 'userID': 1470}, {'WhPerMile': 292, 'kWhRequested': 17.52, 'milesRequested': 60, 'minutesAvailable': 207, 'modifiedAt': 'Wed, 09 Oct 2019 00:17:18 GMT', 'paymentRequired': True, 'requestedDeparture': 'Tue, 08 Oct 2019 21:31:03 GMT', 'userID': 1470}]"
59,5db24220f9af8b252acc248b,0039,2019-10-08 11:05:55-07:00,2019-10-08 13:08:55-07:00,2019-10-08 13:09:55-07:00,7.619,2_39_78_362_2019-10-08 18:05:54.765709,0002,CA-496,2-39-78-362,America/Los_Angeles,000001001,"[{'WhPerMile': 600, 'kWhRequested': 12.0, 'milesRequested': 20, 'minutesAvailable': 129, 'modifiedAt': 'Tue, 08 Oct 2019 18:05:57 GMT', 'paymentRequired': True, 'requestedDeparture': 'Tue, 08 Oct 2019 20:14:55 GMT', 'userID': 1001}]"
60,5db24220f9af8b252acc248c,0039,2019-10-08 11:22:29-07:00,2019-10-08 18:41:22-07:00,2019-10-08 14:29:08-07:00,21.295,2_39_95_444_2019-10-08 18:22:29.436818,0002,CA-497,2-39-95-444,America/Los_Angeles,000003270,"[{'WhPerMile': 200, 'kWhRequested': 40.0, 'milesRequested': 200, 'minutesAvailable': 466, 'modifiedAt': 'Tue, 08 Oct 2019 18:25:35 GMT', 'paymentRequired': True, 'requestedDeparture': 'Wed, 09 Oct 2019 02:08:29 GMT', 'userID': 3270}]"
61,5db24220f9af8b252acc248d,0039,2019-10-08 11:27:11-07:00,2019-10-08 12:21:54-07:00,2019-10-08 12:21:49-07:00,2.944,2_39_90_26_2019-10-08 18:27:11.115410,0002,CA-316,2-39-90-26,America/Los_Angeles,000000515,"[{'WhPerMile': 400, 'kWhRequested': 20.0, 'milesRequested': 50, 'minutesAvailable': 395, 'modifiedAt': 'Tue, 08 Oct 2019 18:28:45 GMT', 'paymentRequired': True, 'requestedDeparture': 'Wed, 09 Oct 2019 01:02:11 GMT', 'userID': 515}, {'WhPerMile': 400, 'kWhRequested': 16.0, 'milesRequested': 40, 'minutesAvailable': 60, 'modifiedAt': 'Tue, 08 Oct 2019 18:29:05 GMT', 'paymentRequired': True, 'requestedDeparture': 'Tue, 08 Oct 2019 19:27:11 GMT', 'userID': 515}]"
62,5db24220f9af8b252acc248e,0039,2019-10-08 11:34:34-07:00,2019-10-08 17:23:19-07:00,2019-10-08 17:23:14-07:00,8.065,2_39_88_24_2019-10-08 18:34:34.050355,0002,CA-314,2-39-88-24,America/Los_Angeles,000000697,"[{'WhPerMile': 300, 'kWhRequested': 15.0, 'milesRequested': 50, 'minutesAvailable': 411, 'modifiedAt': 'Tue, 08 Oct 2019 18:34:39 GMT', 'paymentRequired': True, 'requestedDeparture': 'Wed, 09 Oct 2019 01:25:34 GMT', 'userID': 697}]"
63,5db24220f9af8b252acc248f,0039,2019-10-08 11:39:03-07:00,2019-10-08 17:54:05-07:00,2019-10-08 17:16:42-07:00,35.894,2_39_124_22_2019-10-08 18:39:03.220768,0002,CA-312,2-39-124-22,America/Los_Angeles,000003034,"[{'WhPerMile': 400, 'kWhRequested': 36.0, 'milesRequested': 90, 'minutesAvailable': 378, 'modifiedAt': 'Tue, 08 Oct 2019 18:39:22 GMT', 'paymentRequired': True, 'requestedDeparture': 'Wed, 09 Oct 2019 00:57:03 GMT', 'userID': 3034}]"
64,5db24220f9af8b252acc2490,0039,2019-10-08 12:45:17-07:00,2019-10-08 22:07:14-07:00,2019-10-08 13:46:49-07:00,2.061,2_39_90_26_2019-10-08 19:45:16.944570,0002,CA-316,2-39-90-26,America/Los_Angeles,000001082,"[{'WhPerMile': 400, 'kWhRequested': 16.0, 'milesRequested': 40, 'minutesAvailable': 291, 'modifiedAt': 'Tue, 08 Oct 2019 19:45:47 GMT', 'paymentRequired': True, 'requestedDeparture': 'Wed, 09 Oct 2019 00:36:17 GMT', 'userID': 1082}]"
65,5db24220f9af8b252acc2491,0039,2019-10-08 13:07:43-07:00,2019-10-08 15:54:09-07:00,2019-10-08 14:35:27-07:00,0.73,2_39_125_559_2019-10-08 20:07:43.103156,0002,CA-505,2-39-125-559,America/Los_Angeles,,
66,5db24220f9af8b252acc2492,0039,2019-10-08 15:30:01-07:00,2019-10-08 16:31:29-07:00,2019-10-08 16:00:48-07:00,0.857,2_39_79_380_2019-10-08 22:30:00.545039,0002,CA-489,2-39-79-380,America/Los_Angeles,,
67,5db24220f9af8b252acc2493,0039,2019-10-08 16:09:06-07:00,2019-10-08 17:37:34-07:00,2019-10-08 17:37:29-07:00,4.892,2_39_91_437_2019-10-08 23:09:05.637852,0002,CA-317,2-39-91-437,America/Los_Angeles,000001746,"[{'WhPerMile': 600, 'kWhRequested': 12.0, 'milesRequested': 20, 'minutesAvailable': 108, 'modifiedAt': 'Tue, 08 Oct 2019 23:09:40 GMT', 'paymentRequired': True, 'requestedDeparture': 'Wed, 09 Oct 2019 00:57:06 GMT', 'userID': 1746}]"
68,5db24220f9af8b252acc2494,0039,2019-10-08 17:19:50-07:00,2019-10-08 21:44:00-07:00,2019-10-08 21:43:55-07:00,15.461,2_39_92_436_2019-10-09 00:19:50.312855,0002,CA-318,2-39-92-436,America/Los_Angeles,000000838,"[{'WhPerMile': 400, 'kWhRequested': 8.0, 'milesRequested': 20, 'minutesAvailable': 60, 'modifiedAt': 'Wed, 09 Oct 2019 00:20:20 GMT', 'paymentRequired': True, 'requestedDeparture': 'Wed, 09 Oct 2019 01:19:50 GMT', 'userID': 838}, {'WhPerMile': 400, 'kWhRequested': 28.0, 'milesRequested': 70, 'minutesAvailable': 60, 'modifiedAt': 'Wed, 09 Oct 2019 00:20:30 GMT', 'paymentRequired': True, 'requestedDeparture': 'Wed, 09 Oct 2019 01:19:50 GMT', 'userID': 838}, {'WhPerMile': 400, 'kWhRequested': 28.0, 'milesRequested': 70, 'minutesAvailable': 60, 'modifiedAt': 'Wed, 09 Oct 2019 00:20:39 GMT', 'paymentRequired': True, 'requestedDeparture': 'Wed, 09 Oct 2019 01:19:50 GMT', 'userID': 838}, {'WhPerMile': 400, 'kWhRequested': 28.0, 'milesRequested': 70, 'minutesAvailable': 314, 'modifiedAt': 'Wed, 09 Oct 2019 04:34:31 GMT', 'paymentRequired': True, 'requestedDeparture': 'Wed, 09 Oct 2019 05:33:50 GMT', 'userID': 838}, {'WhPerMile': 600, 'kWhRequested': 42.0, 'milesRequested': 70, 'minutesAvailable': 314, 'modifiedAt': 'Wed, 09 Oct 2019 04:35:04 GMT', 'paymentRequired': True, 'requestedDeparture': 'Wed, 09 Oct 2019 05:33:50 GMT', 'userID': 838}, {'WhPerMile': 600, 'kWhRequested': 42.0, 'milesRequested': 70, 'minutesAvailable': 315, 'modifiedAt': 'Wed, 09 Oct 2019 04:36:19 GMT', 'paymentRequired': True, 'requestedDeparture': 'Wed, 09 Oct 2019 05:34:50 GMT', 'userID': 838}]"
69,5db24220f9af8b252acc2495,0039,2019-10-08 17:22:00-07:00,2019-10-08 18:42:31-07:00,2019-10-08 18:42:22-07:00,4.469,2_39_128_18_2019-10-09 00:21:59.650967,0002,CA-308,2-39-128-18,America/Los_Angeles,000000365,"[{'WhPerMile': 333, 'kWhRequested': 6.66, 'milesRequested': 20, 'minutesAvailable': 68, 'modifiedAt': 'Wed, 09 Oct 2019 00:23:25 GMT', 'paymentRequired': True, 'requestedDeparture': 'Wed, 09 Oct 2019 01:30:00 GMT', 'userID': 365}]"
70,5db24220f9af8b252acc2496,0039,2019-10-08 17:44:15-07:00,2019-10-08 21:24:09-07:00,2019-10-08 21:24:02-07:00,12.636,2_39_131_30_2019-10-09 00:44:02.068484,0002,CA-305,2-39-131-30,America/Los_Angeles,000003831,"[{'WhPerMile': 325, 'kWhRequested': 16.25, 'milesRequested': 50, 'minutesAvailable': 60, 'modifiedAt': 'Wed, 09 Oct 2019 00:44:15 GMT', 'paymentRequired': True, 'requestedDeparture': 'Wed, 09 Oct 2019 01:44:15 GMT', 'userID': 3831}]"
71,5db24220f9af8b252acc2497,0039,2019-10-08 18:01:44-07:00,2019-10-08 19:31:53-07:00,2019-10-08 18:31:58-07:00,0.8170000000000001,2_39_78_366_2019-10-09 01:01:44.447851,0002,CA-323,2-39-78-366,America/Los_Angeles,,
72,5db24220f9af8b252acc2498,0039,2019-10-08 19:32:32-07:00,2019-10-08 21:50:28-07:00,2019-10-08 21:37:42-07:00,11.31,2_39_125_21_2019-10-09 02:32:32.123900,0002,CA-311,2-39-125-21,America/Los_Angeles,000001099,"[{'WhPerMile': 438, 'kWhRequested': 35.04, 'milesRequested': 80, 'minutesAvailable': 134, 'modifiedAt': 'Wed, 09 Oct 2019 02:33:15 GMT', 'paymentRequired': True, 'requestedDeparture': 'Wed, 09 Oct 2019 04:46:32 GMT', 'userID': 1099}]"
73,5db24220f9af8b252acc2499,0039,2019-10-08 20:26:48-07:00,2019-10-08 21:52:03-07:00,2019-10-08 21:51:58-07:00,9.875,2_39_139_28_2019-10-09 03:26:48.413768,0002,CA-303,2-39-139-28,America/Los_Angeles,000001263,"[{'WhPerMile': 250, 'kWhRequested': 22.5, 'milesRequested': 90, 'minutesAvailable': 115, 'modifiedAt': 'Wed, 09 Oct 2019 03:27:17 GMT', 'paymentRequired': True, 'requestedDeparture': 'Wed, 09 Oct 2019 05:21:48 GMT', 'userID': 1263}]"
74,5db393a3f9af8b42def4985c,0039,2019-10-09 08:22:51-07:00,2019-10-09 18:40:33-07:00,2019-10-09 10:34:39-07:00,6.384,2_39_79_383_2019-10-09 15:22:50.633069,0002,CA-492,2-39-79-383,America/Los_Angeles,000003233,"[{'WhPerMile': 350, 'kWhRequested': 10.15, 'milesRequested': 29, 'minutesAvailable': 285, 'modifiedAt': 'Wed, 09 Oct 2019 15:28:18 GMT', 'paymentRequired': True, 'requestedDeparture': 'Wed, 09 Oct 2019 20:07:51 GMT', 'userID': 3233}]"
75,5db393a3f9af8b42def4985d,0039,2019-10-09 08:23:36-07:00,2019-10-09 17:35:28-07:00,2019-10-09 11:24:00-07:00,0.856,2_39_78_366_2019-10-09 15:23:36.410842,0002,CA-323,2-39-78-366,America/Los_Angeles,,
76,5db393a3f9af8b42def4985e,0039,2019-10-09 08:28:37-07:00,2019-10-09 12:55:00-07:00,2019-10-09 12:55:56-07:00,11.194,2_39_78_362_2019-10-09 15:28:36.729450,0002,CA-496,2-39-78-362,America/Los_Angeles,000003447,"[{'WhPerMile': 375, 'kWhRequested': 15.0, 'milesRequested': 40, 'minutesAvailable': 236, 'modifiedAt': 'Wed, 09 Oct 2019 15:29:12 GMT', 'paymentRequired': True, 'requestedDeparture': 'Wed, 09 Oct 2019 19:24:37 GMT', 'userID': 3447}]"
77,5db393a3f9af8b42def4985f,0039,2019-10-09 08:35:31-07:00,2019-10-09 18:35:00-07:00,2019-10-09 09:55:37-07:00,4.543,2_39_139_28_2019-10-09 15:35:30.888906,0002,CA-303,2-39-139-28,America/Los_Angeles,000000712,"[{'WhPerMile': 600, 'kWhRequested': 18.0, 'milesRequested': 30, 'minutesAvailable': 404, 'modifiedAt': 'Wed, 09 Oct 2019 15:35:34 GMT', 'paymentRequired': True, 'requestedDeparture': 'Wed, 09 Oct 2019 22:19:31 GMT', 'userID': 712}]"
78,5db393a3f9af8b42def49860,0039,2019-10-09 08:41:09-07:00,2019-10-09 09:14:34-07:00,2019-10-09 09:14:30-07:00,1.418,2_39_79_379_2019-10-09 15:41:08.809893,0002,CA-327,2-39-79-379,America/Los_Angeles,000000420,"[{'WhPerMile': 400, 'kWhRequested': 20.0, 'milesRequested': 50, 'minutesAvailable': 76, 'modifiedAt': 'Wed, 09 Oct 2019 15:45:54 GMT', 'paymentRequired': True, 'requestedDeparture': 'Wed, 09 Oct 2019 16:57:09 GMT', 'userID': 420}]"
79,5db393a3f9af8b42def49861,0039,2019-10-09 08:51:39-07:00,2019-10-09 17:04:36-07:00,2019-10-09 10:26:02-07:00,4.6690000000000005,2_39_78_363_2019-10-09 15:51:38.728183,0002,CA-320,2-39-78-363,America/Los_Angeles,000002244,"[{'WhPerMile': 400, 'kWhRequested': 8.0, 'milesRequested': 20, 'minutesAvailable': 60, 'modifiedAt': 'Wed, 09 Oct 2019 15:56:01 GMT', 'paymentRequired': True, 'requestedDeparture': 'Wed, 09 Oct 2019 16:51:39 GMT', 'userID': 2244}]"
80,5db393a3f9af8b42def49862,0039,2019-10-09 08:52:19-07:00,2019-10-09 10:53:38-07:00,2019-10-09 10:54:36-07:00,0.926,2_39_79_380_2019-10-09 15:52:19.310393,0002,CA-489,2-39-79-380,America/Los_Angeles,,
81,5db393a3f9af8b42def49863,0039,2019-10-09 08:55:54-07:00,2019-10-09 21:31:23-07:00,2019-10-09 13:54:00-07:00,15.289,2_39_79_377_2019-10-09 15:56:09.540576,0002,CA-325,2-39-79-377,America/Los_Angeles,000000676,"[{'WhPerMile': 400, 'kWhRequested': 24.0, 'milesRequested': 60, 'minutesAvailable': 620, 'modifiedAt': 'Wed, 09 Oct 2019 15:56:10 GMT', 'paymentRequired': True, 'requestedDeparture': 'Thu, 10 Oct 2019 02:15:54 GMT', 'userID': 676}]"
82,5db393a3f9af8b42def49864,0039,2019-10-09 09:09:29-07:00,2019-10-09 17:41:08-07:00,2019-10-09 10:39:58-07:00,4.799,2_39_91_437_2019-10-09 16:09:28.758171,0002,CA-317,2-39-91-437,America/Los_Angeles,000001364,"[{'WhPerMile': 400, 'kWhRequested': 8.0, 'milesRequested': 20, 'minutesAvailable': 60, 'modifiedAt': 'Wed, 09 Oct 2019 16:09:44 GMT', 'paymentRequired': True, 'requestedDeparture': 'Wed, 09 Oct 2019 17:09:29 GMT', 'userID': 1364}]"
83,5db393a3f9af8b42def49865,0039,2019-10-09 09:27:17-07:00,2019-10-09 16:09:19-07:00,2019-10-09 11:36:36-07:00,13.648,2_39_123_23_2019-10-09 16:27:17.401162,0002,CA-313,2-39-123-23,America/Los_Angeles,000001912,"[{'WhPerMile': 400, 'kWhRequested': 16.0, 'milesRequested': 40, 'minutesAvailable': 366, 'modifiedAt': 'Wed, 09 Oct 2019 16:27:35 GMT', 'paymentRequired': True, 'requestedDeparture': 'Wed, 09 Oct 2019 22:33:17 GMT', 'userID': 1912}, {'WhPerMile': 400, 'kWhRequested': 20.0, 'milesRequested': 50, 'minutesAvailable': 60, 'modifiedAt': 'Wed, 09 Oct 2019 16:27:50 GMT', 'paymentRequired': True, 'requestedDeparture': 'Wed, 09 Oct 2019 17:27:17 GMT', 'userID': 1912}]"
84,5db393a3f9af8b42def49866,0039,2019-10-09 09:28:55-07:00,2019-10-09 18:24:28-07:00,2019-10-09 18:24:25-07:00,16.689,2_39_78_360_2019-10-09 16:28:54.674501,0002,CA-322,2-39-78-360,America/Los_Angeles,000000714,"[{'WhPerMile': 400, 'kWhRequested': 40.0, 'milesRequested': 100, 'minutesAvailable': 419, 'modifiedAt': 'Wed, 09 Oct 2019 16:35:07 GMT', 'paymentRequired': True, 'requestedDeparture': 'Wed, 09 Oct 2019 23:27:55 GMT', 'userID': 714}]"
85,5db393a3f9af8b42def49867,0039,2019-10-09 09:33:11-07:00,2019-10-09 10:21:24-07:00,2019-10-09 10:03:35-07:00,0.918,2_39_78_365_2019-10-09 16:33:10.543623,0002,CA-321,2-39-78-365,America/Los_Angeles,,
86,5db393a3f9af8b42def49868,0039,2019-10-09 09:43:36-07:00,2019-10-09 19:12:54-07:00,2019-10-09 11:48:38-07:00,12.929,2_39_79_379_2019-10-09 16:43:35.656443,0002,CA-327,2-39-79-379,America/Los_Angeles,000000558,"[{'WhPerMile': 400, 'kWhRequested': 28.0, 'milesRequested': 70, 'minutesAvailable': 60, 'modifiedAt': 'Wed, 09 Oct 2019 16:43:37 GMT', 'paymentRequired': True, 'requestedDeparture': 'Wed, 09 Oct 2019 17:43:36 GMT', 'userID': 558}]"
87,5db393a3f9af8b42def49869,0039,2019-10-09 09:56:21-07:00,2019-10-09 18:48:26-07:00,2019-10-09 15:31:11-07:00,7.904,2_39_78_364_2019-10-09 16:56:21.494005,0002,CA-495,2-39-78-364,America/Los_Angeles,000002170,"[{'WhPerMile': 400, 'kWhRequested': 8.0, 'milesRequested': 20, 'minutesAvailable': 60, 'modifiedAt': 'Wed, 09 Oct 2019 16:57:11 GMT', 'paymentRequired': True, 'requestedDeparture': 'Wed, 09 Oct 2019 17:56:21 GMT', 'userID': 2170}]"
88,5db393a3f9af8b42def4986a,0039,2019-10-09 10:04:07-07:00,2019-10-09 18:06:13-07:00,2019-10-09 13:19:28-07:00,11.868,2_39_92_442_2019-10-09 17:04:07.511146,0002,CA-498,2-39-92-442,America/Los_Angeles,000001095,"[{'WhPerMile': 400, 'kWhRequested': 12.0, 'milesRequested': 30, 'minutesAvailable': 451, 'modifiedAt': 'Wed, 09 Oct 2019 17:04:52 GMT', 'paymentRequired': True, 'requestedDeparture': 'Thu, 10 Oct 2019 00:35:07 GMT', 'userID': 1095}]"
89,5db393a3f9af8b42def4986b,0039,2019-10-09 10:26:00-07:00,2019-10-10 00:18:01-07:00,2019-10-09 11:19:59-07:00,1.779,2_39_95_27_2019-10-09 17:26:00.299908,0002,CA-319,2-39-95-27,America/Los_Angeles,000001082,"[{'WhPerMile': 400, 'kWhRequested': 16.0, 'milesRequested': 40, 'minutesAvailable': 291, 'modifiedAt': 'Wed, 09 Oct 2019 17:26:21 GMT', 'paymentRequired': True, 'requestedDeparture': 'Wed, 09 Oct 2019 22:17:00 GMT', 'userID': 1082}]"
90,5db393a3f9af8b42def4986c,0039,2019-10-09 10:36:27-07:00,2019-10-09 13:07:27-07:00,2019-10-09 13:07:23-07:00,12.146,2_39_78_365_2019-10-09 17:36:27.246965,0002,CA-321,2-39-78-365,America/Los_Angeles,000000668,"[{'WhPerMile': 425, 'kWhRequested': 12.75, 'milesRequested': 30, 'minutesAvailable': 139, 'modifiedAt': 'Wed, 09 Oct 2019 17:36:47 GMT', 'paymentRequired': True, 'requestedDeparture': 'Wed, 09 Oct 2019 19:55:27 GMT', 'userID': 668}]"
91,5db393a3f9af8b42def4986d,0039,2019-10-09 10:43:40-07:00,2019-10-09 17:04:53-07:00,2019-10-09 15:47:17-07:00,29.895,2_39_79_376_2019-10-09 17:43:39.940194,0002,CA-324,2-39-79-376,America/Los_Angeles,000000832,"[{'WhPerMile': 300, 'kWhRequested': 30.0, 'milesRequested': 100, 'minutesAvailable': 379, 'modifiedAt': 'Wed, 09 Oct 2019 17:44:23 GMT', 'paymentRequired': True, 'requestedDeparture': 'Thu, 10 Oct 2019 00:02:40 GMT', 'userID': 832}]"
92,5db393a3f9af8b42def4986e,0039,2019-10-09 10:47:09-07:00,2019-10-09 17:20:55-07:00,2019-10-09 15:36:39-07:00,0.962,2_39_91_441_2019-10-09 17:47:09.177721,0002,CA-499,2-39-91-441,America/Los_Angeles,,
93,5db393a3f9af8b42def4986f,0039,2019-10-09 10:52:27-07:00,2019-10-09 20:12:33-07:00,2019-10-09 11:44:43-07:00,1.641,2_39_90_26_2019-10-09 17:52:27.021499,0002,CA-316,2-39-90-26,America/Los_Angeles,000000324,"[{'WhPerMile': 400, 'kWhRequested': 8.0, 'milesRequested': 20, 'minutesAvailable': 69, 'modifiedAt': 'Wed, 09 Oct 2019 17:53:45 GMT', 'paymentRequired': True, 'requestedDeparture': 'Wed, 09 Oct 2019 19:01:27 GMT', 'userID': 324}]"
94,5db393a3f9af8b42def49870,0039,2019-10-09 10:53:46-07:00,2019-10-09 15:04:15-07:00,2019-10-09 11:19:22-07:00,0.52,2_39_79_380_2019-10-09 17:53:45.575684,0002,CA-489,2-39-79-380,America/Los_Angeles,,
95,5db393a3f9af8b42def49871,0039,2019-10-09 11:26:03-07:00,2019-10-09 17:02:40-07:00,2019-10-09 12:59:03-07:00,10.244,2_39_89_439_2019-10-09 18:26:03.004767,0002,CA-501,2-39-89-439,America/Los_Angeles,000001470,"[{'WhPerMile': 292, 'kWhRequested': 11.68, 'milesRequested': 40, 'minutesAvailable': 207, 'modifiedAt': 'Wed, 09 Oct 2019 18:26:31 GMT', 'paymentRequired': True, 'requestedDeparture': 'Wed, 09 Oct 2019 21:53:03 GMT', 'userID': 1470}]"
96,5db393a3f9af8b42def49872,0039,2019-10-09 12:20:14-07:00,2019-10-09 19:28:16-07:00,2019-10-09 18:16:01-07:00,39.868,2_39_124_22_2019-10-09 19:20:14.257685,0002,CA-312,2-39-124-22,America/Los_Angeles,000003270,"[{'WhPerMile': 200, 'kWhRequested': 40.0, 'milesRequested': 200, 'minutesAvailable': 466, 'modifiedAt': 'Wed, 09 Oct 2019 19:20:26 GMT', 'paymentRequired': True, 'requestedDeparture': 'Thu, 10 Oct 2019 03:06:14 GMT', 'userID': 3270}]"
97,5db393a3f9af8b42def49873,0039,2019-10-09 13:01:05-07:00,2019-10-09 14:45:26-07:00,2019-10-09 14:22:35-07:00,7.875,2_39_92_436_2019-10-09 20:01:04.766142,0002,CA-318,2-39-92-436,America/Los_Angeles,000001039,"[{'WhPerMile': 400, 'kWhRequested': 8.0, 'milesRequested': 20, 'minutesAvailable': 60, 'modifiedAt': 'Wed, 09 Oct 2019 20:02:14 GMT', 'paymentRequired': True, 'requestedDeparture': 'Wed, 09 Oct 2019 21:01:05 GMT', 'userID': 1039}]"
98,5db393a3f9af8b42def49874,0039,2019-10-09 13:13:24-07:00,2019-10-09 17:25:05-07:00,2019-10-09 17:24:56-07:00,26.66,2_39_79_382_2019-10-09 20:13:24.119879,0002,CA-491,2-39-79-382,America/Los_Angeles,000001208,"[{'WhPerMile': 400, 'kWhRequested': 80.0, 'milesRequested': 200, 'minutesAvailable': 60, 'modifiedAt': 'Wed, 09 Oct 2019 20:13:29 GMT', 'paymentRequired': True, 'requestedDeparture': 'Wed, 09 Oct 2019 21:13:24 GMT', 'userID': 1208}]"
99,5db393a3f9af8b42def49875,0039,2019-10-09 13:17:32-07:00,2019-10-09 17:03:34-07:00,2019-10-09 14:39:01-07:00,4.181,2_39_78_365_2019-10-09 20:17:32.404038,0002,CA-321,2-39-78-365,America/Los_Angeles,000000858,"[{'WhPerMile': 400, 'kWhRequested': 8.0, 'milesRequested': 20, 'minutesAvailable': 223, 'modifiedAt': 'Wed, 09 Oct 2019 20:18:07 GMT', 'paymentRequired': True, 'requestedDeparture': 'Thu, 10 Oct 2019 00:00:32 GMT', 'userID': 858}]"
100,5db393a3f9af8b42def49876,0039,2019-10-09 13:20:22-07:00,2019-10-09 16:42:28-07:00,2019-10-09 16:42:23-07:00,22.3,2_39_88_24_2019-10-09 20:20:21.906593,0002,CA-314,2-39-88-24,America/Los_Angeles,000000335,"[{'WhPerMile': 250, 'kWhRequested': 22.5, 'milesRequested': 90, 'minutesAvailable': 221, 'modifiedAt': 'Wed, 09 Oct 2019 20:24:51 GMT', 'paymentRequired': True, 'requestedDeparture': 'Thu, 10 Oct 2019 00:01:22 GMT', 'userID': 335}]"
101,5db393a3f9af8b42def49877,0039,2019-10-09 13:33:00-07:00,2019-10-09 19:19:19-07:00,2019-10-09 14:19:32-07:00,2.061,2_39_78_361_2019-10-09 20:33:00.507483,0002,CA-493,2-39-78-361,America/Los_Angeles,000000891,"[{'WhPerMile': 400, 'kWhRequested': 8.0, 'milesRequested': 20, 'minutesAvailable': 60, 'modifiedAt': 'Wed, 09 Oct 2019 20:34:27 GMT', 'paymentRequired': True, 'requestedDeparture': 'Wed, 09 Oct 2019 21:33:00 GMT', 'userID': 891}]"
102,5db393a3f9af8b42def49878,0039,2019-10-09 15:30:29-07:00,2019-10-09 16:10:37-07:00,2019-10-09 16:10:14-07:00,4.199,2_39_128_18_2019-10-09 22:30:11.432666,0002,CA-308,2-39-128-18,America/Los_Angeles,000003143,"[{'WhPerMile': 308, 'kWhRequested': 6.16, 'milesRequested': 20, 'minutesAvailable': 196, 'modifiedAt': 'Wed, 09 Oct 2019 22:30:28 GMT', 'paymentRequired': True, 'requestedDeparture': 'Thu, 10 Oct 2019 01:46:29 GMT', 'userID': 3143}, {'WhPerMile': 308, 'kWhRequested': 6.16, 'milesRequested': 20, 'minutesAvailable': 196, 'modifiedAt': 'Wed, 09 Oct 2019 23:10:01 GMT', 'paymentRequired': True, 'requestedDeparture': 'Thu, 10 Oct 2019 01:46:29 GMT', 'userID': 3143}]"
103,5db393a3f9af8b42def49879,0039,2019-10-09 16:30:39-07:00,2019-10-09 17:47:57-07:00,2019-10-09 17:39:44-07:00,3.343,2_39_92_436_2019-10-09 23:30:38.856142,0002,CA-318,2-39-92-436,America/Los_Angeles,000001920,"[{'WhPerMile': 400, 'kWhRequested': 8.0, 'milesRequested': 20, 'minutesAvailable': 60, 'modifiedAt': 'Wed, 09 Oct 2019 23:36:13 GMT', 'paymentRequired': True, 'requestedDeparture': 'Thu, 10 Oct 2019 00:30:39 GMT', 'userID': 1920}, {'WhPerMile': 400, 'kWhRequested': 8.0, 'milesRequested': 20, 'minutesAvailable': 60, 'modifiedAt': 'Thu, 10 Oct 2019 00:46:57 GMT', 'paymentRequired': True, 'requestedDeparture': 'Thu, 10 Oct 2019 00:30:39 GMT', 'userID': 1920}]"
104,5db393a3f9af8b42def4987a,0039,2019-10-09 17:44:31-07:00,2019-10-09 18:51:10-07:00,2019-10-09 18:50:14-07:00,6.622,2_39_78_363_2019-10-10 00:44:31.418497,0002,CA-320,2-39-78-363,America/Los_Angeles,000001011,"[{'WhPerMile': 400, 'kWhRequested': 20.0, 'milesRequested': 50, 'minutesAvailable': 60, 'modifiedAt': 'Thu, 10 Oct 2019 00:45:03 GMT', 'paymentRequired': True, 'requestedDeparture': 'Thu, 10 Oct 2019 01:44:31 GMT', 'userID': 1011}]"
105,5db393a3f9af8b42def4987b,0039,2019-10-09 18:12:19-07:00,2019-10-10 06:13:59-07:00,2019-10-09 22:53:01-07:00,16.097,2_39_131_30_2019-10-10 01:12:18.813538,0002,CA-305,2-39-131-30,America/Los_Angeles,000000838,"[{'WhPerMile': 600, 'kWhRequested': 36.0, 'milesRequested': 60, 'minutesAvailable': 315, 'modifiedAt': 'Thu, 10 Oct 2019 01:13:00 GMT', 'paymentRequired': True, 'requestedDeparture': 'Thu, 10 Oct 2019 06:27:19 GMT', 'userID': 838}, {'WhPerMile': 600, 'kWhRequested': 36.0, 'milesRequested': 60, 'minutesAvailable': 60, 'modifiedAt': 'Thu, 10 Oct 2019 01:13:15 GMT', 'paymentRequired': True, 'requestedDeparture': 'Thu, 10 Oct 2019 02:12:19 GMT', 'userID': 838}]"
106,5db393a3f9af8b42def4987c,0039,2019-10-09 18:39:15-07:00,2019-10-09 20:33:00-07:00,2019-10-09 19:10:10-07:00,0.881,2_39_129_17_2019-10-10 01:39:15.364748,0002,CA-307,2-39-129-17,America/Los_Angeles,,
107,5db393a3f9af8b42def4987d,0039,2019-10-09 18:58:14-07:00,2019-10-09 20:58:57-07:00,2019-10-09 20:44:30-07:00,10.678,2_39_127_19_2019-10-10 01:58:14.495828,0002,CA-309,2-39-127-19,America/Los_Angeles,000002069,"[{'WhPerMile': 400, 'kWhRequested': 8.0, 'milesRequested': 20, 'minutesAvailable': 60, 'modifiedAt': 'Thu, 10 Oct 2019 01:58:45 GMT', 'paymentRequired': True, 'requestedDeparture': 'Thu, 10 Oct 2019 02:58:14 GMT', 'userID': 2069}, {'WhPerMile': 400, 'kWhRequested': 8.0, 'milesRequested': 20, 'minutesAvailable': 135, 'modifiedAt': 'Thu, 10 Oct 2019 01:59:11 GMT', 'paymentRequired': True, 'requestedDeparture': 'Thu, 10 Oct 2019 04:13:14 GMT', 'userID': 2069}, {'WhPerMile': 400, 'kWhRequested': 16.0, 'milesRequested': 40, 'minutesAvailable': 60, 'modifiedAt': 'Thu, 10 Oct 2019 01:59:39 GMT', 'paymentRequired': True, 'requestedDeparture': 'Thu, 10 Oct 2019 02:58:14 GMT', 'userID': 2069}, {'WhPerMile': 400, 'kWhRequested': 16.0, 'milesRequested': 40, 'minutesAvailable': 60, 'modifiedAt': 'Thu, 10 Oct 2019 02:00:59 GMT', 'paymentRequired': True, 'requestedDeparture': 'Thu, 10 Oct 2019 02:58:14 GMT', 'userID': 2069}, {'WhPerMile': 400, 'kWhRequested': 16.0, 'milesRequested': 40, 'minutesAvailable': 62, 'modifiedAt': 'Thu, 10 Oct 2019 02:01:14 GMT', 'paymentRequired': True, 'requestedDeparture': 'Thu, 10 Oct 2019 03:00:14 GMT', 'userID': 2069}, {'WhPerMile': 400, 'kWhRequested': 20.0, 'milesRequested': 50, 'minutesAvailable': 62, 'modifiedAt': 'Thu, 10 Oct 2019 02:01:37 GMT', 'paymentRequired': True, 'requestedDeparture': 'Thu, 10 Oct 2019 03:00:14 GMT', 'userID': 2069}]"
108,5db393a3f9af8b42def4987e,0039,2019-10-09 21:42:58-07:00,2019-10-10 07:58:31-07:00,2019-10-10 06:26:26-07:00,14.891,2_39_139_28_2019-10-10 04:42:58.512471,0002,CA-303,2-39-139-28,America/Los_Angeles,000001152,"[{'WhPerMile': 375, 'kWhRequested': 15.0, 'milesRequested': 40, 'minutesAvailable': 59, 'modifiedAt': 'Thu, 10 Oct 2019 04:43:05 GMT', 'paymentRequired': True, 'requestedDeparture': 'Thu, 10 Oct 2019 05:41:58 GMT', 'userID': 1152}]"
109,5db4e520f9af8b470bd883b6,0039,2019-10-10 07:39:05-07:00,2019-10-10 18:06:54-07:00,2019-10-10 11:33:21-07:00,1.432,2_39_79_380_2019-10-10 14:39:05.011891,0002,CA-489,2-39-79-380,America/Los_Angeles,,
110,5db4e520f9af8b470bd883b7,0039,2019-10-10 07:58:25-07:00,2019-10-10 09:53:40-07:00,2019-10-10 09:49:30-07:00,8.75,2_39_78_367_2019-10-10 14:58:24.836056,0002,CA-494,2-39-78-367,America/Los_Angeles,000001470,"[{'WhPerMile': 292, 'kWhRequested': 11.68, 'milesRequested': 40, 'minutesAvailable': 207, 'modifiedAt': 'Thu, 10 Oct 2019 14:58:47 GMT', 'paymentRequired': True, 'requestedDeparture': 'Thu, 10 Oct 2019 18:25:25 GMT', 'userID': 1470}]"
111,5db4e520f9af8b470bd883b8,0039,2019-10-10 08:01:06-07:00,2019-10-10 15:04:25-07:00,2019-10-10 11:52:41-07:00,23.139,2_39_91_437_2019-10-10 15:01:06.444287,0002,CA-317,2-39-91-437,America/Los_Angeles,000000431,"[{'WhPerMile': 300, 'kWhRequested': 24.0, 'milesRequested': 80, 'minutesAvailable': 410, 'modifiedAt': 'Thu, 10 Oct 2019 15:01:52 GMT', 'paymentRequired': True, 'requestedDeparture': 'Thu, 10 Oct 2019 21:51:06 GMT', 'userID': 431}]"
112,5db4e520f9af8b470bd883b9,0039,2019-10-10 08:06:14-07:00,2019-10-10 15:46:07-07:00,2019-10-10 09:35:48-07:00,4.401,2_39_79_383_2019-10-10 15:06:13.665757,0002,CA-492,2-39-79-383,America/Los_Angeles,000003233,"[{'WhPerMile': 350, 'kWhRequested': 10.15, 'milesRequested': 29, 'minutesAvailable': 285, 'modifiedAt': 'Thu, 10 Oct 2019 15:06:55 GMT', 'paymentRequired': True, 'requestedDeparture': 'Thu, 10 Oct 2019 19:51:14 GMT', 'userID': 3233}]"
113,5db4e520f9af8b470bd883ba,0039,2019-10-10 08:20:38-07:00,2019-10-10 10:15:54-07:00,2019-10-10 10:14:54-07:00,0.771,2_39_95_27_2019-10-10 15:20:37.879098,0002,CA-319,2-39-95-27,America/Los_Angeles,,
114,5db4e520f9af8b470bd883bb,0039,2019-10-10 08:37:22-07:00,2019-10-10 17:17:53-07:00,2019-10-10 16:50:37-07:00,1.032,2_39_78_366_2019-10-10 15:37:21.691883,0002,CA-323,2-39-78-366,America/Los_Angeles,,
115,5db4e520f9af8b470bd883bc,0039,2019-10-10 08:48:04-07:00,2019-10-10 11:28:04-07:00,2019-10-10 10:22:37-07:00,7.892,2_39_128_18_2019-10-10 15:48:04.091030,0002,CA-308,2-39-128-18,America/Los_Angeles,000003852,"[{'WhPerMile': 400, 'kWhRequested': 8.0, 'milesRequested': 20, 'minutesAvailable': 191, 'modifiedAt': 'Thu, 10 Oct 2019 15:55:02 GMT', 'paymentRequired': True, 'requestedDeparture': 'Thu, 10 Oct 2019 18:59:04 GMT', 'userID': 3852}]"
116,5db4e520f9af8b470bd883bd,0039,2019-10-10 08:56:15-07:00,2019-10-10 17:42:28-07:00,2019-10-10 09:40:54-07:00,1.9500000000000002,2_39_89_25_2019-10-10 15:56:15.275976,0002,CA-315,2-39-89-25,America/Los_Angeles,000000891,"[{'WhPerMile': 400, 'kWhRequested': 8.0, 'milesRequested': 20, 'minutesAvailable': 60, 'modifiedAt': 'Thu, 10 Oct 2019 15:56:23 GMT', 'paymentRequired': True, 'requestedDeparture': 'Thu, 10 Oct 2019 16:56:15 GMT', 'userID': 891}]"
117,5db4e520f9af8b470bd883be,0039,2019-10-10 09:01:42-07:00,2019-10-10 18:31:43-07:00,2019-10-10 14:33:17-07:00,6.825,2_39_95_444_2019-10-10 16:01:41.565332,0002,CA-497,2-39-95-444,America/Los_Angeles,000000564,"[{'WhPerMile': 231, 'kWhRequested': 6.93, 'milesRequested': 30, 'minutesAvailable': 544, 'modifiedAt': 'Thu, 10 Oct 2019 16:01:59 GMT', 'paymentRequired': True, 'requestedDeparture': 'Fri, 11 Oct 2019 01:05:42 GMT', 'userID': 564}]"
118,5db4e520f9af8b470bd883bf,0039,2019-10-10 09:07:12-07:00,2019-10-10 19:05:59-07:00,2019-10-10 10:56:57-07:00,11.362,2_39_79_379_2019-10-10 16:07:12.340135,0002,CA-327,2-39-79-379,America/Los_Angeles,000000558,"[{'WhPerMile': 400, 'kWhRequested': 28.0, 'milesRequested': 70, 'minutesAvailable': 60, 'modifiedAt': 'Thu, 10 Oct 2019 16:07:16 GMT', 'paymentRequired': True, 'requestedDeparture': 'Thu, 10 Oct 2019 17:07:12 GMT', 'userID': 558}]"
119,5db4e520f9af8b470bd883c0,0039,2019-10-10 09:15:02-07:00,2019-10-10 14:54:40-07:00,2019-10-10 14:03:23-07:00,24.117,2_39_78_360_2019-10-10 16:15:02.397340,0002,CA-322,2-39-78-360,America/Los_Angeles,000001137,"[{'WhPerMile': 400, 'kWhRequested': 32.0, 'milesRequested': 80, 'minutesAvailable': 317, 'modifiedAt': 'Thu, 10 Oct 2019 16:18:46 GMT', 'paymentRequired': True, 'requestedDeparture': 'Thu, 10 Oct 2019 21:32:02 GMT', 'userID': 1137}]"
120,5db4e520f9af8b470bd883c1,0039,2019-10-10 09:21:58-07:00,2019-10-10 10:51:05-07:00,2019-10-10 10:25:20-07:00,0.9450000000000001,2_39_129_17_2019-10-10 16:21:57.854165,0002,CA-307,2-39-129-17,America/Los_Angeles,,
121,5db4e520f9af8b470bd883c2,0039,2019-10-10 09:23:43-07:00,2019-10-10 16:37:02-07:00,2019-10-10 14:32:37-07:00,0.848,2_39_78_361_2019-10-10 16:23:42.744646,0002,CA-493,2-39-78-361,America/Los_Angeles,,
122,5db4e520f9af8b470bd883c3,0039,2019-10-10 09:34:58-07:00,2019-10-10 19:29:33-07:00,2019-10-10 14:32:21-07:00,16.796,2_39_92_442_2019-10-10 16:34:57.540763,0002,CA-498,2-39-92-442,America/Los_Angeles,000002961,"[{'WhPerMile': 400, 'kWhRequested': 8.0, 'milesRequested': 20, 'minutesAvailable': 60, 'modifiedAt': 'Thu, 10 Oct 2019 16:37:10 GMT', 'paymentRequired': True, 'requestedDeparture': 'Thu, 10 Oct 2019 17:34:58 GMT', 'userID': 2961}, {'WhPerMile': 400, 'kWhRequested': 52.0, 'milesRequested': 130, 'minutesAvailable': 60, 'modifiedAt': 'Thu, 10 Oct 2019 16:37:23 GMT', 'paymentRequired': True, 'requestedDeparture': 'Thu, 10 Oct 2019 17:34:58 GMT', 'userID': 2961}]"
123,5db4e520f9af8b470bd883c4,0039,2019-10-10 09:35:26-07:00,2019-10-10 16:07:25-07:00,2019-10-10 10:29:01-07:00,5.289,2_39_123_23_2019-10-10 16:35:26.190308,0002,CA-313,2-39-123-23,America/Los_Angeles,000001912,"[{'WhPerMile': 400, 'kWhRequested': 20.0, 'milesRequested': 50, 'minutesAvailable': 366, 'modifiedAt': 'Thu, 10 Oct 2019 16:35:46 GMT', 'paymentRequired': True, 'requestedDeparture': 'Thu, 10 Oct 2019 22:41:26 GMT', 'userID': 1912}]"
124,5db4e520f9af8b470bd883c5,0039,2019-10-10 09:46:27-07:00,2019-10-10 15:53:32-07:00,2019-10-10 15:53:23-07:00,40.815,2_39_90_440_2019-10-10 16:46:26.834946,0002,CA-500,2-39-90-440,America/Los_Angeles,000001208,"[{'WhPerMile': 400, 'kWhRequested': 80.0, 'milesRequested': 200, 'minutesAvailable': 60, 'modifiedAt': 'Thu, 10 Oct 2019 16:46:27 GMT', 'paymentRequired': True, 'requestedDeparture': 'Thu, 10 Oct 2019 17:46:27 GMT', 'userID': 1208}]"
125,5db4e520f9af8b470bd883c6,0039,2019-10-10 09:59:31-07:00,2019-10-10 15:38:06-07:00,2019-10-10 10:50:48-07:00,2.15,2_39_90_26_2019-10-10 16:59:31.129485,0002,CA-316,2-39-90-26,America/Los_Angeles,000001366,"[{'WhPerMile': 600, 'kWhRequested': 12.0, 'milesRequested': 20, 'minutesAvailable': 242, 'modifiedAt': 'Thu, 10 Oct 2019 17:04:19 GMT', 'paymentRequired': True, 'requestedDeparture': 'Thu, 10 Oct 2019 21:01:31 GMT', 'userID': 1366}]"
126,5db4e520f9af8b470bd883c7,0039,2019-10-10 10:11:12-07:00,2019-10-10 12:48:31-07:00,2019-10-10 12:17:46-07:00,0.516036439665229,2_39_78_367_2019-10-10 17:11:11.700920,0002,CA-494,2-39-78-367,America/Los_Angeles,,
127,5db4e520f9af8b470bd883c8,0039,2019-10-10 10:14:50-07:00,2019-10-10 12:12:44-07:00,2019-10-10 12:05:18-07:00,11.507,2_39_92_436_2019-10-10 17:14:50.380756,0002,CA-318,2-39-92-436,America/Los_Angeles,000000668,"[{'WhPerMile': 425, 'kWhRequested': 17.0, 'milesRequested': 40, 'minutesAvailable': 139, 'modifiedAt': 'Thu, 10 Oct 2019 17:15:05 GMT', 'paymentRequired': True, 'requestedDeparture': 'Thu, 10 Oct 2019 19:33:50 GMT', 'userID': 668}]"
128,5db4e520f9af8b470bd883c9,0039,2019-10-10 10:18:47-07:00,2019-10-10 15:16:42-07:00,2019-10-10 15:10:55-07:00,0.836,2_39_78_363_2019-10-10 17:18:47.478496,0002,CA-320,2-39-78-363,America/Los_Angeles,,
129,5db4e520f9af8b470bd883ca,0039,2019-10-10 10:25:24-07:00,2019-10-10 13:15:03-07:00,2019-10-10 13:15:02-07:00,17.989,2_39_78_365_2019-10-10 17:25:24.442520,0002,CA-321,2-39-78-365,America/Los_Angeles,000001039,"[{'WhPerMile': 400, 'kWhRequested': 60.0, 'milesRequested': 150, 'minutesAvailable': 217, 'modifiedAt': 'Thu, 10 Oct 2019 17:26:05 GMT', 'paymentRequired': True, 'requestedDeparture': 'Thu, 10 Oct 2019 21:02:24 GMT', 'userID': 1039}]"
130,5db4e520f9af8b470bd883cb,0039,2019-10-10 10:26:22-07:00,2019-10-10 13:49:51-07:00,2019-10-10 12:26:29-07:00,11.786,2_39_89_439_2019-10-10 17:26:22.133489,0002,CA-501,2-39-89-439,America/Los_Angeles,000001095,"[{'WhPerMile': 400, 'kWhRequested': 12.0, 'milesRequested': 30, 'minutesAvailable': 210, 'modifiedAt': 'Thu, 10 Oct 2019 17:26:31 GMT', 'paymentRequired': True, 'requestedDeparture': 'Thu, 10 Oct 2019 20:56:22 GMT', 'userID': 1095}]"
131,5db4e520f9af8b470bd883cc,0039,2019-10-10 10:38:57-07:00,2019-10-10 17:18:59-07:00,2019-10-10 12:07:32-07:00,5.036,2_39_88_24_2019-10-10 17:38:56.772668,0002,CA-314,2-39-88-24,America/Los_Angeles,000000712,"[{'WhPerMile': 600, 'kWhRequested': 12.0, 'milesRequested': 20, 'minutesAvailable': 324, 'modifiedAt': 'Thu, 10 Oct 2019 17:39:36 GMT', 'paymentRequired': True, 'requestedDeparture': 'Thu, 10 Oct 2019 23:02:57 GMT', 'userID': 712}]"
132,5db4e520f9af8b470bd883cd,0039,2019-10-10 11:03:55-07:00,2019-10-10 17:15:31-07:00,2019-10-10 13:11:32-07:00,13.058,2_39_88_438_2019-10-10 18:03:54.533026,0002,CA-502,2-39-88-438,America/Los_Angeles,000000069,"[{'WhPerMile': 400, 'kWhRequested': 40.0, 'milesRequested': 100, 'minutesAvailable': 383, 'modifiedAt': 'Thu, 10 Oct 2019 18:04:11 GMT', 'paymentRequired': True, 'requestedDeparture': 'Fri, 11 Oct 2019 00:26:55 GMT', 'userID': 69}]"
133,5db4e520f9af8b470bd883ce,0039,2019-10-10 11:28:15-07:00,2019-10-10 18:53:29-07:00,2019-10-10 13:30:24-07:00,13.264,2_39_79_377_2019-10-10 18:28:15.041269,0002,CA-325,2-39-79-377,America/Los_Angeles,000001274,"[{'WhPerMile': 400, 'kWhRequested': 20.0, 'milesRequested': 50, 'minutesAvailable': 235, 'modifiedAt': 'Thu, 10 Oct 2019 18:30:14 GMT', 'paymentRequired': True, 'requestedDeparture': 'Thu, 10 Oct 2019 22:23:15 GMT', 'userID': 1274}]"
134,5db4e520f9af8b470bd883cf,0039,2019-10-10 12:25:26-07:00,2019-10-10 16:30:28-07:00,2019-10-10 14:49:08-07:00,11.114,2_39_78_364_2019-10-10 19:25:25.747745,0002,CA-495,2-39-78-364,America/Los_Angeles,000002461,"[{'WhPerMile': 400, 'kWhRequested': 12.0, 'milesRequested': 30, 'minutesAvailable': 377, 'modifiedAt': 'Thu, 10 Oct 2019 19:25:28 GMT', 'paymentRequired': True, 'requestedDeparture': 'Fri, 11 Oct 2019 01:42:26 GMT', 'userID': 2461}]"
135,5db4e520f9af8b470bd883d0,0039,2019-10-10 12:28:02-07:00,2019-10-10 17:11:22-07:00,2019-10-10 14:26:07-07:00,6.427,2_39_92_436_2019-10-10 19:28:02.180466,0002,CA-318,2-39-92-436,America/Los_Angeles,000001124,"[{'WhPerMile': 400, 'kWhRequested': 8.0, 'milesRequested': 20, 'minutesAvailable': 60, 'modifiedAt': 'Thu, 10 Oct 2019 19:28:58 GMT', 'paymentRequired': True, 'requestedDeparture': 'Thu, 10 Oct 2019 20:28:02 GMT', 'userID': 1124}]"
136,5db4e520f9af8b470bd883d1,0039,2019-10-10 13:14:25-07:00,2019-10-10 16:34:25-07:00,2019-10-10 16:14:50-07:00,13.425,2_39_91_441_2019-10-10 20:14:25.042021,0002,CA-499,2-39-91-441,America/Los_Angeles,000000620,"[{'WhPerMile': 500, 'kWhRequested': 15.0, 'milesRequested': 30, 'minutesAvailable': 187, 'modifiedAt': 'Thu, 10 Oct 2019 20:14:53 GMT', 'paymentRequired': True, 'requestedDeparture': 'Thu, 10 Oct 2019 23:21:25 GMT', 'userID': 620}]"
137,5db4e520f9af8b470bd883d2,0039,2019-10-10 13:50:29-07:00,2019-10-10 15:17:11-07:00,2019-10-10 15:17:09-07:00,8.38,2_39_78_365_2019-10-10 20:50:29.114840,0002,CA-321,2-39-78-365,America/Los_Angeles,000000335,"[{'WhPerMile': 250, 'kWhRequested': 12.5, 'milesRequested': 50, 'minutesAvailable': 121, 'modifiedAt': 'Thu, 10 Oct 2019 20:57:56 GMT', 'paymentRequired': True, 'requestedDeparture': 'Thu, 10 Oct 2019 22:51:29 GMT', 'userID': 335}]"
138,5db4e520f9af8b470bd883d3,0039,2019-10-10 14:21:25-07:00,2019-10-10 17:02:09-07:00,2019-10-10 16:47:09-07:00,0.534544504181325,2_39_78_367_2019-10-10 21:21:24.539156,0002,CA-494,2-39-78-367,America/Los_Angeles,,
139,5db4e520f9af8b470bd883d4,0039,2019-10-10 16:28:33-07:00,2019-10-10 18:28:12-07:00,2019-10-10 17:15:49-07:00,2.26,2_39_91_437_2019-10-10 23:28:32.575432,0002,CA-317,2-39-91-437,America/Los_Angeles,000001920,"[{'WhPerMile': 400, 'kWhRequested': 8.0, 'milesRequested': 20, 'minutesAvailable': 60, 'modifiedAt': 'Thu, 10 Oct 2019 23:29:17 GMT', 'paymentRequired': True, 'requestedDeparture': 'Fri, 11 Oct 2019 00:28:33 GMT', 'userID': 1920}, {'WhPerMile': 400, 'kWhRequested': 8.0, 'milesRequested': 20, 'minutesAvailable': 60, 'modifiedAt': 'Fri, 11 Oct 2019 01:27:56 GMT', 'paymentRequired': True, 'requestedDeparture': 'Fri, 11 Oct 2019 00:28:33 GMT', 'userID': 1920}]"
140,5db4e520f9af8b470bd883d5,0039,2019-10-10 18:30:56-07:00,2019-10-10 22:17:48-07:00,2019-10-10 22:17:43-07:00,13.43,2_39_89_25_2019-10-11 01:30:56.251082,0002,CA-315,2-39-89-25,America/Los_Angeles,000001108,"[{'WhPerMile': 400, 'kWhRequested': 20.0, 'milesRequested': 50, 'minutesAvailable': 239, 'modifiedAt': 'Fri, 11 Oct 2019 01:31:16 GMT', 'paymentRequired': True, 'requestedDeparture': 'Fri, 11 Oct 2019 05:29:56 GMT', 'userID': 1108}]"
141,5db4e520f9af8b470bd883d6,0039,2019-10-10 19:50:05-07:00,2019-10-10 22:39:13-07:00,2019-10-10 21:55:23-07:00,10.892,2_39_126_20_2019-10-11 02:50:04.891767,0002,CA-310,2-39-126-20,America/Los_Angeles,000001099,"[{'WhPerMile': 400, 'kWhRequested': 24.0, 'milesRequested': 60, 'minutesAvailable': 120, 'modifiedAt': 'Fri, 11 Oct 2019 02:54:16 GMT', 'paymentRequired': True, 'requestedDeparture': 'Fri, 11 Oct 2019 04:50:05 GMT', 'userID': 1099}, {'WhPerMile': 400, 'kWhRequested': 24.0, 'milesRequested': 60, 'minutesAvailable': 60, 'modifiedAt': 'Fri, 11 Oct 2019 02:54:45 GMT', 'paymentRequired': True, 'requestedDeparture': 'Fri, 11 Oct 2019 03:50:05 GMT', 'userID': 1099}]"
142,5db4e520f9af8b470bd883d7,0039,2019-10-10 20:23:30-07:00,2019-10-10 21:45:20-07:00,2019-10-10 21:45:15-07:00,8.612,2_39_139_28_2019-10-11 03:23:30.015263,0002,CA-303,2-39-139-28,America/Los_Angeles,000001263,"[{'WhPerMile': 250, 'kWhRequested': 22.5, 'milesRequested': 90, 'minutesAvailable': 115, 'modifiedAt': 'Fri, 11 Oct 2019 03:23:48 GMT', 'paymentRequired': True, 'requestedDeparture': 'Fri, 11 Oct 2019 05:18:30 GMT', 'userID': 1263}]"
143,5db4e520f9af8b470bd883d8,0039,2019-10-10 21:07:17-07:00,2019-10-10 22:21:38-07:00,2019-10-10 21:35:54-07:00,1.358,2_39_131_30_2019-10-11 04:07:17.088781,0002,CA-305,2-39-131-30,America/Los_Angeles,000001202,"[{'WhPerMile': 400, 'kWhRequested': 15.2, 'milesRequested': 38, 'minutesAvailable': 173, 'modifiedAt': 'Fri, 11 Oct 2019 04:07:41 GMT', 'paymentRequired': True, 'requestedDeparture': 'Fri, 11 Oct 2019 07:00:17 GMT', 'userID': 1202}]"
144,5db4e520f9af8b470bd883d9,0039,2019-10-10 22:07:08-07:00,2019-10-11 07:50:41-07:00,2019-10-11 06:26:26-07:00,8.897,2_39_139_28_2019-10-11 05:07:08.410919,0002,CA-303,2-39-139-28,America/Los_Angeles,000001152,"[{'WhPerMile': 300, 'kWhRequested': 6.0, 'milesRequested': 20, 'minutesAvailable': 59, 'modifiedAt': 'Fri, 11 Oct 2019 05:08:20 GMT', 'paymentRequired': True, 'requestedDeparture': 'Fri, 11 Oct 2019 06:06:08 GMT', 'userID': 1152}, {'WhPerMile': 300, 'kWhRequested': 6.0, 'milesRequested': 20, 'minutesAvailable': 60, 'modifiedAt': 'Fri, 11 Oct 2019 05:09:22 GMT', 'paymentRequired': True, 'requestedDeparture': 'Fri, 11 Oct 2019 06:07:08 GMT', 'userID': 1152}, {'WhPerMile': 300, 'kWhRequested': 9.0, 'milesRequested': 30, 'minutesAvailable': 61, 'modifiedAt': 'Fri, 11 Oct 2019 05:10:35 GMT', 'paymentRequired': True, 'requestedDeparture': 'Fri, 11 Oct 2019 06:08:08 GMT', 'userID': 1152}]"
145,5db4e520f9af8b470bd883da,0039,2019-10-10 23:04:55-07:00,2019-10-10 23:17:12-07:00,2019-10-10 23:17:07-07:00,0.906,2_39_131_30_2019-10-11 06:04:54.718665,0002,CA-305,2-39-131-30,America/Los_Angeles,000000067,"[{'WhPerMile': 250, 'kWhRequested': 60.0, 'milesRequested': 240, 'minutesAvailable': 651, 'modifiedAt': 'Fri, 11 Oct 2019 06:10:30 GMT', 'paymentRequired': True, 'requestedDeparture': 'Fri, 11 Oct 2019 16:55:55 GMT', 'userID': 67}, {'WhPerMile': 250, 'kWhRequested': 60.0, 'milesRequested': 240, 'minutesAvailable': 60, 'modifiedAt': 'Fri, 11 Oct 2019 06:11:40 GMT', 'paymentRequired': True, 'requestedDeparture': 'Fri, 11 Oct 2019 07:04:55 GMT', 'userID': 67}, {'WhPerMile': 250, 'kWhRequested': 60.0, 'milesRequested': 240, 'minutesAvailable': 61, 'modifiedAt': 'Fri, 11 Oct 2019 06:12:43 GMT', 'paymentRequired': True, 'requestedDeparture': 'Fri, 11 Oct 2019 07:05:55 GMT', 'userID': 67}, {'WhPerMile': 250, 'kWhRequested': 60.0, 'milesRequested': 240, 'minutesAvailable': 652, 'modifiedAt': 'Fri, 11 Oct 2019 06:13:10 GMT', 'paymentRequired': True, 'requestedDeparture': 'Fri, 11 Oct 2019 16:56:55 GMT', 'userID': 67}, {'WhPerMile': 250, 'kWhRequested': 60.0, 'milesRequested': 240, 'minutesAvailable': 62, 'modifiedAt': 'Fri, 11 Oct 2019 06:13:24 GMT', 'paymentRequired': True, 'requestedDeparture': 'Fri, 11 Oct 2019 07:06:55 GMT', 'userID': 67}]"
146,5db4e520f9af8b470bd883db,0039,2019-10-10 23:14:21-07:00,2019-10-11 04:01:34-07:00,2019-10-11 01:07:58-07:00,5.463,2_39_138_29_2019-10-11 06:14:21.089425,0002,CA-304,2-39-138-29,America/Los_Angeles,000001366,"[{'WhPerMile': 600, 'kWhRequested': 12.0, 'milesRequested': 20, 'minutesAvailable': 242, 'modifiedAt': 'Fri, 11 Oct 2019 06:16:01 GMT', 'paymentRequired': True, 'requestedDeparture': 'Fri, 11 Oct 2019 10:16:21 GMT', 'userID': 1366}]"
147,5db4e520f9af8b470bd883dc,0039,2019-10-10 23:38:13-07:00,2019-10-11 17:43:00-07:00,2019-10-11 06:44:04-07:00,46.857,2_39_131_30_2019-10-11 06:38:13.020209,0002,CA-305,2-39-131-30,America/Los_Angeles,000000067,"[{'WhPerMile': 250, 'kWhRequested': 60.0, 'milesRequested': 240, 'minutesAvailable': 624, 'modifiedAt': 'Fri, 11 Oct 2019 06:38:40 GMT', 'paymentRequired': True, 'requestedDeparture': 'Fri, 11 Oct 2019 17:02:13 GMT', 'userID': 67}, {'WhPerMile': 250, 'kWhRequested': 60.0, 'milesRequested': 240, 'minutesAvailable': 60, 'modifiedAt': 'Fri, 11 Oct 2019 06:38:59 GMT', 'paymentRequired': True, 'requestedDeparture': 'Fri, 11 Oct 2019 07:38:13 GMT', 'userID': 67}, {'WhPerMile': 250, 'kWhRequested': 60.0, 'milesRequested': 240, 'minutesAvailable': 621, 'modifiedAt': 'Fri, 11 Oct 2019 06:39:11 GMT', 'paymentRequired': True, 'requestedDeparture': 'Fri, 11 Oct 2019 16:59:13 GMT', 'userID': 67}, {'WhPerMile': 250, 'kWhRequested': 60.0, 'milesRequested': 240, 'minutesAvailable': 60, 'modifiedAt': 'Fri, 11 Oct 2019 06:39:30 GMT', 'paymentRequired': True, 'requestedDeparture': 'Fri, 11 Oct 2019 07:38:13 GMT', 'userID': 67}, {'WhPerMile': 250, 'kWhRequested': 60.0, 'milesRequested': 240, 'minutesAvailable': 623, 'modifiedAt': 'Fri, 11 Oct 2019 06:39:56 GMT', 'paymentRequired': True, 'requestedDeparture': 'Fri, 11 Oct 2019 17:01:13 GMT', 'userID': 67}, {'WhPerMile': 250, 'kWhRequested': 60.0, 'milesRequested': 240, 'minutesAvailable': 61, 'modifiedAt': 'Fri, 11 Oct 2019 06:40:05 GMT', 'paymentRequired': True, 'requestedDeparture': 'Fri, 11 Oct 2019 07:39:13 GMT', 'userID': 67}, {'WhPerMile': 250, 'kWhRequested': 60.0, 'milesRequested': 240, 'minutesAvailable': 622, 'modifiedAt': 'Fri, 11 Oct 2019 06:40:16 GMT', 'paymentRequired': True, 'requestedDeparture': 'Fri, 11 Oct 2019 17:00:13 GMT', 'userID': 67}, {'WhPerMile': 250, 'kWhRequested': 60.0, 'milesRequested': 240, 'minutesAvailable': 61, 'modifiedAt': 'Fri, 11 Oct 2019 06:40:34 GMT', 'paymentRequired': True, 'requestedDeparture': 'Fri, 11 Oct 2019 07:39:13 GMT', 'userID': 67}, {'WhPerMile': 250, 'kWhRequested': 60.0, 'milesRequested': 240, 'minutesAvailable': 649, 'modifiedAt': 'Fri, 11 Oct 2019 06:40:44 GMT', 'paymentRequired': True, 'requestedDeparture': 'Fri, 11 Oct 2019 17:27:13 GMT', 'userID': 67}, {'WhPerMile': 250, 'kWhRequested': 60.0, 'milesRequested': 240, 'minutesAvailable': 639, 'modifiedAt': 'Fri, 11 Oct 2019 06:40:57 GMT', 'paymentRequired': True, 'requestedDeparture': 'Fri, 11 Oct 2019 17:17:13 GMT', 'userID': 67}, {'WhPerMile': 250, 'kWhRequested': 60.0, 'milesRequested': 240, 'minutesAvailable': 722, 'modifiedAt': 'Fri, 11 Oct 2019 06:41:12 GMT', 'paymentRequired': True, 'requestedDeparture': 'Fri, 11 Oct 2019 18:40:13 GMT', 'userID': 67}, {'WhPerMile': 250, 'kWhRequested': 60.0, 'milesRequested': 240, 'minutesAvailable': 565, 'modifiedAt': 'Fri, 11 Oct 2019 06:41:22 GMT', 'paymentRequired': True, 'requestedDeparture': 'Fri, 11 Oct 2019 16:03:13 GMT', 'userID': 67}, {'WhPerMile': 250, 'kWhRequested': 60.0, 'milesRequested': 240, 'minutesAvailable': 596, 'modifiedAt': 'Fri, 11 Oct 2019 06:42:05 GMT', 'paymentRequired': True, 'requestedDeparture': 'Fri, 11 Oct 2019 16:34:13 GMT', 'userID': 67}, {'WhPerMile': 250, 'kWhRequested': 60.0, 'milesRequested': 240, 'minutesAvailable': 63, 'modifiedAt': 'Fri, 11 Oct 2019 06:42:37 GMT', 'paymentRequired': True, 'requestedDeparture': 'Fri, 11 Oct 2019 07:41:13 GMT', 'userID': 67}, {'WhPerMile': 250, 'kWhRequested': 60.0, 'milesRequested': 240, 'minutesAvailable': 574, 'modifiedAt': 'Fri, 11 Oct 2019 06:42:45 GMT', 'paymentRequired': True, 'requestedDeparture': 'Fri, 11 Oct 2019 16:12:13 GMT', 'userID': 67}, {'WhPerMile': 250, 'kWhRequested': 60.0, 'milesRequested': 240, 'minutesAvailable': 639, 'modifiedAt': 'Fri, 11 Oct 2019 06:42:58 GMT', 'paymentRequired': True, 'requestedDeparture': 'Fri, 11 Oct 2019 17:17:13 GMT', 'userID': 67}, {'WhPerMile': 250, 'kWhRequested': 60.0, 'milesRequested': 240, 'minutesAvailable': 612, 'modifiedAt': 'Fri, 11 Oct 2019 06:43:11 GMT', 'paymentRequired': True, 'requestedDeparture': 'Fri, 11 Oct 2019 16:50:13 GMT', 'userID': 67}, {'WhPerMile': 250, 'kWhRequested': 60.0, 'milesRequested': 240, 'minutesAvailable': 623, 'modifiedAt': 'Fri, 11 Oct 2019 06:47:12 GMT', 'paymentRequired': True, 'requestedDeparture': 'Fri, 11 Oct 2019 17:01:13 GMT', 'userID': 67}, {'WhPerMile': 250, 'kWhRequested': 60.0, 'milesRequested': 240, 'minutesAvailable': 68, 'modifiedAt': 'Fri, 11 Oct 2019 07:02:20 GMT', 'paymentRequired': True, 'requestedDeparture': 'Fri, 11 Oct 2019 07:46:13 GMT', 'userID': 67}, {'WhPerMile': 250, 'kWhRequested': 60.0, 'milesRequested': 240, 'minutesAvailable': 743, 'modifiedAt': 'Fri, 11 Oct 2019 07:02:48 GMT', 'paymentRequired': True, 'requestedDeparture': 'Fri, 11 Oct 2019 19:01:13 GMT', 'userID': 67}, {'WhPerMile': 250, 'kWhRequested': 60.0, 'milesRequested': 240, 'minutesAvailable': 744, 'modifiedAt': 'Fri, 11 Oct 2019 07:02:59 GMT', 'paymentRequired': True, 'requestedDeparture': 'Fri, 11 Oct 2019 19:02:13 GMT', 'userID': 67}, {'WhPerMile': 250, 'kWhRequested': 60.0, 'milesRequested': 240, 'minutesAvailable': 744, 'modifiedAt': 'Fri, 11 Oct 2019 07:03:11 GMT', 'paymentRequired': True, 'requestedDeparture': 'Fri, 11 Oct 2019 19:02:13 GMT', 'userID': 67}, {'WhPerMile': 250, 'kWhRequested': 60.0, 'milesRequested': 240, 'minutesAvailable': 744, 'modifiedAt': 'Fri, 11 Oct 2019 07:03:33 GMT', 'paymentRequired': True, 'requestedDeparture': 'Fri, 11 Oct 2019 19:02:13 GMT', 'userID': 67}, {'WhPerMile': 250, 'kWhRequested': 60.0, 'milesRequested': 240, 'minutesAvailable': 745, 'modifiedAt': 'Fri, 11 Oct 2019 07:03:56 GMT', 'paymentRequired': True, 'requestedDeparture': 'Fri, 11 Oct 2019 19:03:13 GMT', 'userID': 67}, {'WhPerMile': 250, 'kWhRequested': 60.0, 'milesRequested': 240, 'minutesAvailable': 817, 'modifiedAt': 'Fri, 11 Oct 2019 10:41:02 GMT', 'paymentRequired': True, 'requestedDeparture': 'Fri, 11 Oct 2019 20:15:13 GMT', 'userID': 67}]"
148,5db6369ef9af8b4b0292e24f,0039,2019-10-11 07:50:14-07:00,2019-10-11 09:04:20-07:00,2019-10-11 09:05:18-07:00,0.758,2_39_79_380_2019-10-11 14:50:14.328814,0002,CA-489,2-39-79-380,America/Los_Angeles,,
149,5db6369ef9af8b4b0292e250,0039,2019-10-11 07:56:21-07:00,2019-10-11 16:27:55-07:00,2019-10-11 15:50:13-07:00,9.013,2_39_79_382_2019-10-11 14:56:21.049109,0002,CA-491,2-39-79-382,America/Los_Angeles,000001470,"[{'WhPerMile': 292, 'kWhRequested': 14.6, 'milesRequested': 50, 'minutesAvailable': 207, 'modifiedAt': 'Fri, 11 Oct 2019 14:56:26 GMT', 'paymentRequired': True, 'requestedDeparture': 'Fri, 11 Oct 2019 18:23:21 GMT', 'userID': 1470}]"
150,5db6369ef9af8b4b0292e251,0039,2019-10-11 07:57:59-07:00,2019-10-11 15:34:19-07:00,2019-10-11 09:45:05-07:00,10.475,2_39_95_27_2019-10-11 14:57:58.527867,0002,CA-319,2-39-95-27,America/Los_Angeles,000000431,"[{'WhPerMile': 300, 'kWhRequested': 12.0, 'milesRequested': 40, 'minutesAvailable': 410, 'modifiedAt': 'Fri, 11 Oct 2019 14:58:18 GMT', 'paymentRequired': True, 'requestedDeparture': 'Fri, 11 Oct 2019 21:47:59 GMT', 'userID': 431}]"
151,5db6369ef9af8b4b0292e252,0039,2019-10-11 08:05:01-07:00,2019-10-11 11:05:23-07:00,2019-10-11 10:02:20-07:00,6.195,2_39_89_25_2019-10-11 15:05:01.344387,0002,CA-315,2-39-89-25,America/Los_Angeles,000002170,"[{'WhPerMile': 400, 'kWhRequested': 8.0, 'milesRequested': 20, 'minutesAvailable': 60, 'modifiedAt': 'Fri, 11 Oct 2019 15:05:21 GMT', 'paymentRequired': True, 'requestedDeparture': 'Fri, 11 Oct 2019 16:05:01 GMT', 'userID': 2170}]"
152,5db6369ef9af8b4b0292e253,0039,2019-10-11 08:05:55-07:00,2019-10-11 11:55:52-07:00,2019-10-11 11:55:42-07:00,18.177,2_39_78_364_2019-10-11 15:05:55.483111,0002,CA-495,2-39-78-364,America/Los_Angeles,000003449,"[{'WhPerMile': 400, 'kWhRequested': 40.0, 'milesRequested': 100, 'minutesAvailable': 256, 'modifiedAt': 'Fri, 11 Oct 2019 15:06:17 GMT', 'paymentRequired': True, 'requestedDeparture': 'Fri, 11 Oct 2019 19:21:55 GMT', 'userID': 3449}]"
153,5db6369ef9af8b4b0292e254,0039,2019-10-11 08:08:03-07:00,2019-10-11 16:07:47-07:00,2019-10-11 14:30:21-07:00,26.583,2_39_78_366_2019-10-11 15:08:02.599019,0002,CA-323,2-39-78-366,America/Los_Angeles,000003853,"[{'WhPerMile': 360, 'kWhRequested': 39.6, 'milesRequested': 110, 'minutesAvailable': 480, 'modifiedAt': 'Fri, 11 Oct 2019 15:08:32 GMT', 'paymentRequired': True, 'requestedDeparture': 'Fri, 11 Oct 2019 23:08:03 GMT', 'userID': 3853}]"
154,5db6369ef9af8b4b0292e255,0039,2019-10-11 09:02:56-07:00,2019-10-11 17:41:52-07:00,2019-10-11 10:59:54-07:00,12.017,2_39_95_444_2019-10-11 16:02:56.294393,0002,CA-497,2-39-95-444,America/Los_Angeles,000000069,"[{'WhPerMile': 400, 'kWhRequested': 40.0, 'milesRequested': 100, 'minutesAvailable': 383, 'modifiedAt': 'Fri, 11 Oct 2019 16:03:08 GMT', 'paymentRequired': True, 'requestedDeparture': 'Fri, 11 Oct 2019 22:25:56 GMT', 'userID': 69}]"
155,5db6369ef9af8b4b0292e256,0039,2019-10-11 09:04:27-07:00,2019-10-11 10:21:26-07:00,2019-10-11 10:08:32-07:00,0.844,2_39_79_380_2019-10-11 16:04:27.126087,0002,CA-489,2-39-79-380,America/Los_Angeles,,
156,5db6369ef9af8b4b0292e257,0039,2019-10-11 09:07:49-07:00,2019-10-11 18:12:02-07:00,2019-10-11 11:28:02-07:00,9.334,2_39_79_376_2019-10-11 16:07:49.113754,0002,CA-324,2-39-79-376,America/Los_Angeles,000000714,"[{'WhPerMile': 400, 'kWhRequested': 40.0, 'milesRequested': 100, 'minutesAvailable': 419, 'modifiedAt': 'Fri, 11 Oct 2019 16:08:29 GMT', 'paymentRequired': True, 'requestedDeparture': 'Fri, 11 Oct 2019 23:06:49 GMT', 'userID': 714}]"
157,5db6369ef9af8b4b0292e258,0039,2019-10-11 09:13:17-07:00,2019-10-11 09:44:49-07:00,2019-10-11 09:44:41-07:00,2.122,2_39_91_437_2019-10-11 16:13:17.508000,0002,CA-317,2-39-91-437,America/Los_Angeles,000002213,"[{'WhPerMile': 400, 'kWhRequested': 8.0, 'milesRequested': 20, 'minutesAvailable': 60, 'modifiedAt': 'Fri, 11 Oct 2019 16:13:23 GMT', 'paymentRequired': True, 'requestedDeparture': 'Fri, 11 Oct 2019 17:13:17 GMT', 'userID': 2213}, {'WhPerMile': 400, 'kWhRequested': 8.0, 'milesRequested': 20, 'minutesAvailable': 52, 'modifiedAt': 'Fri, 11 Oct 2019 16:15:17 GMT', 'paymentRequired': True, 'requestedDeparture': 'Fri, 11 Oct 2019 17:05:17 GMT', 'userID': 2213}]"
158,5db6369ef9af8b4b0292e259,0039,2019-10-11 09:15:08-07:00,2019-10-11 16:31:15-07:00,2019-10-11 10:03:51-07:00,2.9859999999999998,2_39_79_379_2019-10-11 16:15:08.088457,0002,CA-327,2-39-79-379,America/Los_Angeles,000001126,"[{'WhPerMile': 250, 'kWhRequested': 5.0, 'milesRequested': 20, 'minutesAvailable': 418, 'modifiedAt': 'Fri, 11 Oct 2019 16:16:19 GMT', 'paymentRequired': True, 'requestedDeparture': 'Fri, 11 Oct 2019 23:13:08 GMT', 'userID': 1126}]"
159,5db6369ef9af8b4b0292e25a,0039,2019-10-11 09:21:57-07:00,2019-10-11 23:41:45-07:00,2019-10-11 10:23:45-07:00,1.9929999999999999,2_39_90_26_2019-10-11 16:21:56.988017,0002,CA-316,2-39-90-26,America/Los_Angeles,000000324,"[{'WhPerMile': 400, 'kWhRequested': 8.0, 'milesRequested': 20, 'minutesAvailable': 165, 'modifiedAt': 'Fri, 11 Oct 2019 16:22:12 GMT', 'paymentRequired': True, 'requestedDeparture': 'Fri, 11 Oct 2019 19:06:57 GMT', 'userID': 324}]"
160,5db6369ef9af8b4b0292e25b,0039,2019-10-11 09:33:56-07:00,2019-10-11 16:17:08-07:00,2019-10-11 10:39:53-07:00,6.498,2_39_128_18_2019-10-11 16:33:55.615421,0002,CA-308,2-39-128-18,America/Los_Angeles,000001912,"[{'WhPerMile': 400, 'kWhRequested': 20.0, 'milesRequested': 50, 'minutesAvailable': 366, 'modifiedAt': 'Fri, 11 Oct 2019 16:35:29 GMT', 'paymentRequired': True, 'requestedDeparture': 'Fri, 11 Oct 2019 22:39:56 GMT', 'userID': 1912}]"
161,5db6369ef9af8b4b0292e25c,0039,2019-10-11 09:37:57-07:00,2019-10-11 15:37:00-07:00,2019-10-11 12:49:02-07:00,7.6850000000000005,2_39_78_367_2019-10-11 16:37:56.630056,0002,CA-494,2-39-78-367,America/Los_Angeles,000000515,"[{'WhPerMile': 400, 'kWhRequested': 12.0, 'milesRequested': 30, 'minutesAvailable': 166, 'modifiedAt': 'Fri, 11 Oct 2019 16:38:28 GMT', 'paymentRequired': True, 'requestedDeparture': 'Fri, 11 Oct 2019 19:23:57 GMT', 'userID': 515}]"
162,5db6369ef9af8b4b0292e25d,0039,2019-10-11 09:39:25-07:00,2019-10-11 17:20:37-07:00,2019-10-11 13:03:01-07:00,22.291,2_39_92_442_2019-10-11 16:39:25.141139,0002,CA-498,2-39-92-442,America/Los_Angeles,000001957,"[{'WhPerMile': 400, 'kWhRequested': 32.0, 'milesRequested': 80, 'minutesAvailable': 385, 'modifiedAt': 'Fri, 11 Oct 2019 16:40:41 GMT', 'paymentRequired': True, 'requestedDeparture': 'Fri, 11 Oct 2019 23:04:25 GMT', 'userID': 1957}]"
163,5db6369ef9af8b4b0292e25e,0039,2019-10-11 09:47:07-07:00,2019-10-11 18:51:19-07:00,2019-10-11 10:35:27-07:00,2.007,2_39_91_437_2019-10-11 16:47:07.272212,0002,CA-317,2-39-91-437,America/Los_Angeles,000000891,"[{'WhPerMile': 400, 'kWhRequested': 8.0, 'milesRequested': 20, 'minutesAvailable': 60, 'modifiedAt': 'Fri, 11 Oct 2019 16:47:18 GMT', 'paymentRequired': True, 'requestedDeparture': 'Fri, 11 Oct 2019 17:47:07 GMT', 'userID': 891}]"
164,5db6369ef9af8b4b0292e25f,0039,2019-10-11 09:54:46-07:00,2019-10-11 19:16:42-07:00,2019-10-11 19:17:42-07:00,10.474,2_39_78_362_2019-10-11 16:54:46.503095,0002,CA-496,2-39-78-362,America/Los_Angeles,000000558,"[{'WhPerMile': 400, 'kWhRequested': 20.0, 'milesRequested': 50, 'minutesAvailable': 60, 'modifiedAt': 'Fri, 11 Oct 2019 16:54:47 GMT', 'paymentRequired': True, 'requestedDeparture': 'Fri, 11 Oct 2019 17:54:46 GMT', 'userID': 558}]"
165,5db6369ef9af8b4b0292e260,0039,2019-10-11 10:01:35-07:00,2019-10-11 14:33:38-07:00,2019-10-11 13:03:12-07:00,6.809,2_39_78_363_2019-10-11 17:01:35.381115,0002,CA-320,2-39-78-363,America/Los_Angeles,000000858,"[{'WhPerMile': 400, 'kWhRequested': 8.0, 'milesRequested': 20, 'minutesAvailable': 223, 'modifiedAt': 'Fri, 11 Oct 2019 17:03:03 GMT', 'paymentRequired': True, 'requestedDeparture': 'Fri, 11 Oct 2019 20:44:35 GMT', 'userID': 858}]"
166,5db6369ef9af8b4b0292e261,0039,2019-10-11 10:02:38-07:00,2019-10-11 11:34:15-07:00,2019-10-11 11:15:00-07:00,1.434,2_39_123_23_2019-10-11 17:02:38.403867,0002,CA-313,2-39-123-23,America/Los_Angeles,000000667,"[{'WhPerMile': 400, 'kWhRequested': 8.0, 'milesRequested': 20, 'minutesAvailable': 643, 'modifiedAt': 'Fri, 11 Oct 2019 17:02:58 GMT', 'paymentRequired': True, 'requestedDeparture': 'Sat, 12 Oct 2019 03:45:38 GMT', 'userID': 667}]"
167,5db6369ef9af8b4b0292e262,0039,2019-10-11 10:24:11-07:00,2019-10-11 19:28:16-07:00,2019-10-11 19:28:11-07:00,2.216,2_39_79_380_2019-10-11 17:24:11.226260,0002,CA-489,2-39-79-380,America/Los_Angeles,,
168,5db6369ef9af8b4b0292e263,0039,2019-10-11 10:35:37-07:00,2019-10-11 17:07:28-07:00,2019-10-11 15:41:09-07:00,11.882,2_39_91_441_2019-10-11 17:35:37.001501,0002,CA-499,2-39-91-441,America/Los_Angeles,000000832,"[{'WhPerMile': 300, 'kWhRequested': 12.0, 'milesRequested': 40, 'minutesAvailable': 385, 'modifiedAt': 'Fri, 11 Oct 2019 17:36:58 GMT', 'paymentRequired': True, 'requestedDeparture': 'Sat, 12 Oct 2019 00:00:37 GMT', 'userID': 832}]"
169,5db6369ef9af8b4b0292e264,0039,2019-10-11 11:33:39-07:00,2019-10-11 18:11:23-07:00,2019-10-11 18:11:15-07:00,14.925,2_39_90_440_2019-10-11 18:33:39.000374,0002,CA-500,2-39-90-440,America/Los_Angeles,000000248,"[{'WhPerMile': 250, 'kWhRequested': 15.0, 'milesRequested': 60, 'minutesAvailable': 372, 'modifiedAt': 'Fri, 11 Oct 2019 18:34:24 GMT', 'paymentRequired': True, 'requestedDeparture': 'Sat, 12 Oct 2019 00:45:39 GMT', 'userID': 248}]"
170,5db6369ef9af8b4b0292e265,0039,2019-10-11 12:10:37-07:00,2019-10-11 16:10:48-07:00,2019-10-11 15:59:10-07:00,0.874,2_39_88_24_2019-10-11 19:10:37.098114,0002,CA-314,2-39-88-24,America/Los_Angeles,,
171,5db6369ef9af8b4b0292e266,0039,2019-10-11 12:30:15-07:00,2019-10-12 00:21:00-07:00,2019-10-11 13:31:22-07:00,2.027,2_39_89_25_2019-10-11 19:30:14.866916,0002,CA-315,2-39-89-25,America/Los_Angeles,000001082,"[{'WhPerMile': 400, 'kWhRequested': 16.0, 'milesRequested': 40, 'minutesAvailable': 291, 'modifiedAt': 'Fri, 11 Oct 2019 19:30:42 GMT', 'paymentRequired': True, 'requestedDeparture': 'Sat, 12 Oct 2019 00:21:15 GMT', 'userID': 1082}]"
172,5db6369ef9af8b4b0292e267,0039,2019-10-11 14:31:48-07:00,2019-10-11 16:32:58-07:00,2019-10-11 16:32:54-07:00,6.969,2_39_79_377_2019-10-11 21:31:47.600090,0002,CA-325,2-39-79-377,America/Los_Angeles,000001135,"[{'WhPerMile': 400, 'kWhRequested': 20.0, 'milesRequested': 50, 'minutesAvailable': 60, 'modifiedAt': 'Fri, 11 Oct 2019 21:31:58 GMT', 'paymentRequired': True, 'requestedDeparture': 'Fri, 11 Oct 2019 22:31:48 GMT', 'userID': 1135}]"
173,5db6369ef9af8b4b0292e268,0039,2019-10-11 14:57:18-07:00,2019-10-11 17:00:43-07:00,2019-10-11 15:35:44-07:00,3.777,2_39_79_383_2019-10-11 21:57:08.041543,0002,CA-492,2-39-79-383,America/Los_Angeles,000002461,"[{'WhPerMile': 400, 'kWhRequested': 12.0, 'milesRequested': 30, 'minutesAvailable': 176, 'modifiedAt': 'Fri, 11 Oct 2019 21:57:18 GMT', 'paymentRequired': True, 'requestedDeparture': 'Sat, 12 Oct 2019 00:53:18 GMT', 'userID': 2461}]"
174,5db6369ef9af8b4b0292e269,0039,2019-10-11 15:04:07-07:00,2019-10-11 18:12:48-07:00,2019-10-11 17:19:49-07:00,8.584,2_39_78_363_2019-10-11 22:04:07.178123,0002,CA-320,2-39-78-363,America/Los_Angeles,000000559,"[{'WhPerMile': 400, 'kWhRequested': 16.0, 'milesRequested': 40, 'minutesAvailable': 146, 'modifiedAt': 'Fri, 11 Oct 2019 22:04:29 GMT', 'paymentRequired': True, 'requestedDeparture': 'Sat, 12 Oct 2019 00:30:07 GMT', 'userID': 559}]"
175,5db6369ef9af8b4b0292e26a,0039,2019-10-11 15:07:12-07:00,2019-10-11 18:34:13-07:00,2019-10-11 18:07:41-07:00,13.817,2_39_124_22_2019-10-11 22:07:11.925669,0002,CA-312,2-39-124-22,America/Los_Angeles,000000300,"[{'WhPerMile': 400, 'kWhRequested': 32.0, 'milesRequested': 80, 'minutesAvailable': 557, 'modifiedAt': 'Fri, 11 Oct 2019 22:07:13 GMT', 'paymentRequired': True, 'requestedDeparture': 'Sat, 12 Oct 2019 07:24:12 GMT', 'userID': 300}]"
176,5db6369ef9af8b4b0292e26b,0039,2019-10-11 15:28:39-07:00,2019-10-11 18:05:56-07:00,2019-10-11 17:27:23-07:00,11.876,2_39_78_364_2019-10-11 22:28:39.185395,0002,CA-495,2-39-78-364,America/Los_Angeles,000002149,"[{'WhPerMile': 400, 'kWhRequested': 12.0, 'milesRequested': 30, 'minutesAvailable': 112, 'modifiedAt': 'Fri, 11 Oct 2019 22:32:45 GMT', 'paymentRequired': True, 'requestedDeparture': 'Sat, 12 Oct 2019 00:20:39 GMT', 'userID': 2149}]"
177,5db6369ef9af8b4b0292e26c,0039,2019-10-11 18:45:06-07:00,2019-10-11 20:26:27-07:00,2019-10-11 19:44:44-07:00,5.562,2_39_95_27_2019-10-12 01:45:06.479552,0002,CA-319,2-39-95-27,America/Los_Angeles,000000431,"[{'WhPerMile': 300, 'kWhRequested': 9.0, 'milesRequested': 30, 'minutesAvailable': 157, 'modifiedAt': 'Sat, 12 Oct 2019 01:45:40 GMT', 'paymentRequired': True, 'requestedDeparture': 'Sat, 12 Oct 2019 04:22:06 GMT', 'userID': 431}]"
178,5db78810f9af8b4eed23b2db,0039,2019-10-12 07:45:19-07:00,2019-10-12 11:45:42-07:00,2019-10-12 11:44:19-07:00,7.905,2_39_79_376_2019-10-12 14:45:19.112781,0002,CA-324,2-39-79-376,America/Los_Angeles,000003876,"[{'WhPerMile': 200, 'kWhRequested': 8.0, 'milesRequested': 40, 'minutesAvailable': 62, 'modifiedAt': 'Sat, 12 Oct 2019 15:53:05 GMT', 'paymentRequired': True, 'requestedDeparture': 'Sat, 12 Oct 2019 15:47:19 GMT', 'userID': 3876}, {'WhPerMile': 200, 'kWhRequested': 8.0, 'milesRequested': 40, 'minutesAvailable': 174, 'modifiedAt': 'Sat, 12 Oct 2019 15:53:35 GMT', 'paymentRequired': True, 'requestedDeparture': 'Sat, 12 Oct 2019 17:39:19 GMT', 'userID': 3876}, {'WhPerMile': 200, 'kWhRequested': 8.0, 'milesRequested': 40, 'minutesAvailable': 60, 'modifiedAt': 'Sat, 12 Oct 2019 18:06:38 GMT', 'paymentRequired': True, 'requestedDeparture': 'Sat, 12 Oct 2019 15:45:19 GMT', 'userID': 3876}]"
179,5db78810f9af8b4eed23b2dc,0039,2019-10-12 08:54:35-07:00,2019-10-12 11:27:24-07:00,2019-10-12 10:00:21-07:00,0.853,2_39_78_365_2019-10-12 15:54:34.641716,0002,CA-321,2-39-78-365,America/Los_Angeles,,
180,5db78810f9af8b4eed23b2dd,0039,2019-10-12 09:02:40-07:00,2019-10-12 11:40:21-07:00,2019-10-12 11:00:33-07:00,6.481,2_39_131_30_2019-10-12 16:02:39.832849,0002,CA-305,2-39-131-30,America/Los_Angeles,000002087,"[{'WhPerMile': 400, 'kWhRequested': 8.0, 'milesRequested': 20, 'minutesAvailable': 60, 'modifiedAt': 'Sat, 12 Oct 2019 16:04:43 GMT', 'paymentRequired': True, 'requestedDeparture': 'Sat, 12 Oct 2019 17:02:40 GMT', 'userID': 2087}, {'WhPerMile': 400, 'kWhRequested': 8.0, 'milesRequested': 20, 'minutesAvailable': 137, 'modifiedAt': 'Sat, 12 Oct 2019 17:22:29 GMT', 'paymentRequired': True, 'requestedDeparture': 'Sat, 12 Oct 2019 18:19:40 GMT', 'userID': 2087}, {'WhPerMile': 400, 'kWhRequested': 8.0, 'milesRequested': 20, 'minutesAvailable': 137, 'modifiedAt': 'Sat, 12 Oct 2019 17:46:38 GMT', 'paymentRequired': True, 'requestedDeparture': 'Sat, 12 Oct 2019 18:19:40 GMT', 'userID': 2087}, {'WhPerMile': 400, 'kWhRequested': 8.0, 'milesRequested': 20, 'minutesAvailable': 161, 'modifiedAt': 'Sat, 12 Oct 2019 18:13:24 GMT', 'paymentRequired': True, 'requestedDeparture': 'Sat, 12 Oct 2019 18:43:40 GMT', 'userID': 2087}]"
181,5db78810f9af8b4eed23b2de,0039,2019-10-12 09:09:18-07:00,2019-10-12 11:32:36-07:00,2019-10-12 09:40:17-07:00,0.885,2_39_139_28_2019-10-12 16:09:17.828944,0002,CA-303,2-39-139-28,America/Los_Angeles,,
182,5db78810f9af8b4eed23b2df,0039,2019-10-12 09:50:19-07:00,2019-10-12 15:02:38-07:00,2019-10-12 15:02:29-07:00,20.192,2_39_127_19_2019-10-12 16:50:19.428860,0002,CA-309,2-39-127-19,America/Los_Angeles,000000291,"[{'WhPerMile': 250, 'kWhRequested': 35.0, 'milesRequested': 140, 'minutesAvailable': 248, 'modifiedAt': 'Sat, 12 Oct 2019 16:50:19 GMT', 'paymentRequired': True, 'requestedDeparture': 'Sat, 12 Oct 2019 20:58:19 GMT', 'userID': 291}, {'WhPerMile': 250, 'kWhRequested': 2.5, 'milesRequested': 10, 'minutesAvailable': 60, 'modifiedAt': 'Sat, 12 Oct 2019 16:50:44 GMT', 'paymentRequired': True, 'requestedDeparture': 'Sat, 12 Oct 2019 17:50:19 GMT', 'userID': 291}, {'WhPerMile': 250, 'kWhRequested': 2.5, 'milesRequested': 10, 'minutesAvailable': 60, 'modifiedAt': 'Sat, 12 Oct 2019 19:12:42 GMT', 'paymentRequired': True, 'requestedDeparture': 'Sat, 12 Oct 2019 17:50:19 GMT', 'userID': 291}, {'WhPerMile': 250, 'kWhRequested': 30.0, 'milesRequested': 120, 'minutesAvailable': 202, 'modifiedAt': 'Sat, 12 Oct 2019 19:13:13 GMT', 'paymentRequired': True, 'requestedDeparture': 'Sat, 12 Oct 2019 20:12:19 GMT', 'userID': 291}, {'WhPerMile': 250, 'kWhRequested': 30.0, 'milesRequested': 120, 'minutesAvailable': 203, 'modifiedAt': 'Sat, 12 Oct 2019 19:13:38 GMT', 'paymentRequired': True, 'requestedDeparture': 'Sat, 12 Oct 2019 20:13:19 GMT', 'userID': 291}, {'WhPerMile': 250, 'kWhRequested': 30.0, 'milesRequested': 120, 'minutesAvailable': 203, 'modifiedAt': 'Sat, 12 Oct 2019 19:16:04 GMT', 'paymentRequired': True, 'requestedDeparture': 'Sat, 12 Oct 2019 20:13:19 GMT', 'userID': 291}, {'WhPerMile': 250, 'kWhRequested': 30.0, 'milesRequested': 120, 'minutesAvailable': 205, 'modifiedAt': 'Sat, 12 Oct 2019 19:18:26 GMT', 'paymentRequired': True, 'requestedDeparture': 'Sat, 12 Oct 2019 20:15:19 GMT', 'userID': 291}, {'WhPerMile': 250, 'kWhRequested': 30.0, 'milesRequested': 120, 'minutesAvailable': 229, 'modifiedAt': 'Sat, 12 Oct 2019 19:40:27 GMT', 'paymentRequired': True, 'requestedDeparture': 'Sat, 12 Oct 2019 20:39:19 GMT', 'userID': 291}, {'WhPerMile': 250, 'kWhRequested': 30.0, 'milesRequested': 120, 'minutesAvailable': 229, 'modifiedAt': 'Sat, 12 Oct 2019 22:02:19 GMT', 'paymentRequired': True, 'requestedDeparture': 'Sat, 12 Oct 2019 20:39:19 GMT', 'userID': 291}]"
183,5db78810f9af8b4eed23b2e0,0039,2019-10-12 10:17:08-07:00,2019-10-12 11:44:22-07:00,2019-10-12 11:44:17-07:00,10.008,2_39_129_17_2019-10-12 17:17:08.414286,0002,CA-307,2-39-129-17,America/Los_Angeles,000001133,"[{'WhPerMile': 400, 'kWhRequested': 28.0, 'milesRequested': 70, 'minutesAvailable': 226, 'modifiedAt': 'Sat, 12 Oct 2019 17:17:30 GMT', 'paymentRequired': True, 'requestedDeparture': 'Sat, 12 Oct 2019 21:03:08 GMT', 'userID': 1133}]"
184,5db78810f9af8b4eed23b2e1,0039,2019-10-12 11:24:18-07:00,2019-10-12 15:42:15-07:00,2019-10-12 14:20:53-07:00,17.37,2_39_78_366_2019-10-12 18:24:17.749928,0002,CA-323,2-39-78-366,America/Los_Angeles,000000248,"[{'WhPerMile': 250, 'kWhRequested': 17.5, 'milesRequested': 70, 'minutesAvailable': 372, 'modifiedAt': 'Sat, 12 Oct 2019 18:24:33 GMT', 'paymentRequired': True, 'requestedDeparture': 'Sun, 13 Oct 2019 00:36:18 GMT', 'userID': 248}]"
185,5db78810f9af8b4eed23b2e2,0039,2019-10-12 12:12:14-07:00,2019-10-12 15:05:10-07:00,2019-10-12 15:05:05-07:00,10.136,2_39_89_25_2019-10-12 19:12:13.967822,0002,CA-315,2-39-89-25,America/Los_Angeles,000001108,"[{'WhPerMile': 400, 'kWhRequested': 20.0, 'milesRequested': 50, 'minutesAvailable': 239, 'modifiedAt': 'Sat, 12 Oct 2019 19:12:47 GMT', 'paymentRequired': True, 'requestedDeparture': 'Sat, 12 Oct 2019 23:11:14 GMT', 'userID': 1108}]"
186,5db78810f9af8b4eed23b2e3,0039,2019-10-12 13:36:44-07:00,2019-10-12 17:51:03-07:00,2019-10-12 17:00:52-07:00,11.875,2_39_139_28_2019-10-12 20:36:44.496191,0002,CA-303,2-39-139-28,America/Los_Angeles,000001152,"[{'WhPerMile': 300, 'kWhRequested': 12.0, 'milesRequested': 40, 'minutesAvailable': 61, 'modifiedAt': 'Sat, 12 Oct 2019 20:36:47 GMT', 'paymentRequired': True, 'requestedDeparture': 'Sat, 12 Oct 2019 21:37:44 GMT', 'userID': 1152}]"
187,5db78810f9af8b4eed23b2e4,0039,2019-10-12 13:51:13-07:00,2019-10-12 20:11:46-07:00,2019-10-12 15:48:31-07:00,5.9879999999999995,2_39_92_442_2019-10-12 20:51:13.416007,0002,CA-498,2-39-92-442,America/Los_Angeles,000001222,"[{'WhPerMile': 400, 'kWhRequested': 8.0, 'milesRequested': 20, 'minutesAvailable': 72, 'modifiedAt': 'Sat, 12 Oct 2019 20:51:37 GMT', 'paymentRequired': True, 'requestedDeparture': 'Sat, 12 Oct 2019 22:03:13 GMT', 'userID': 1222}]"
188,5db78810f9af8b4eed23b2e5,0039,2019-10-12 14:34:58-07:00,2019-10-12 15:38:21-07:00,2019-10-12 15:38:17-07:00,3.628,2_39_138_29_2019-10-12 21:34:58.302357,0002,CA-304,2-39-138-29,America/Los_Angeles,000000365,"[{'WhPerMile': 333, 'kWhRequested': 9.99, 'milesRequested': 30, 'minutesAvailable': 104, 'modifiedAt': 'Sat, 12 Oct 2019 21:35:21 GMT', 'paymentRequired': True, 'requestedDeparture': 'Sat, 12 Oct 2019 23:18:58 GMT', 'userID': 365}]"
189,5db78810f9af8b4eed23b2e6,0039,2019-10-12 15:26:01-07:00,2019-10-12 18:22:42-07:00,2019-10-12 18:22:31-07:00,16.805,2_39_78_363_2019-10-12 22:26:00.930089,0002,CA-320,2-39-78-363,America/Los_Angeles,000001214,"[{'WhPerMile': 400, 'kWhRequested': 40.0, 'milesRequested': 100, 'minutesAvailable': 435, 'modifiedAt': 'Sat, 12 Oct 2019 22:28:55 GMT', 'paymentRequired': True, 'requestedDeparture': 'Sun, 13 Oct 2019 05:41:01 GMT', 'userID': 1214}, {'WhPerMile': 400, 'kWhRequested': 40.0, 'milesRequested': 100, 'minutesAvailable': 435, 'modifiedAt': 'Sun, 13 Oct 2019 01:22:16 GMT', 'paymentRequired': True, 'requestedDeparture': 'Sun, 13 Oct 2019 05:41:01 GMT', 'userID': 1214}]"
190,5db78810f9af8b4eed23b2e7,0039,2019-10-12 17:00:40-07:00,2019-10-12 17:44:05-07:00,2019-10-12 17:44:00-07:00,2.368,2_39_131_30_2019-10-13 00:00:40.426854,0002,CA-305,2-39-131-30,America/Los_Angeles,000001161,"[{'WhPerMile': 400, 'kWhRequested': 16.0, 'milesRequested': 40, 'minutesAvailable': 74, 'modifiedAt': 'Sun, 13 Oct 2019 00:01:00 GMT', 'paymentRequired': True, 'requestedDeparture': 'Sun, 13 Oct 2019 01:14:40 GMT', 'userID': 1161}]"
191,5db78810f9af8b4eed23b2e8,0039,2019-10-12 17:56:15-07:00,2019-10-12 19:49:06-07:00,2019-10-12 19:49:01-07:00,11.717,2_39_124_22_2019-10-13 00:56:15.442197,0002,CA-312,2-39-124-22,America/Los_Angeles,000001099,"[{'WhPerMile': 400, 'kWhRequested': 24.0, 'milesRequested': 60, 'minutesAvailable': 120, 'modifiedAt': 'Sun, 13 Oct 2019 00:57:39 GMT', 'paymentRequired': True, 'requestedDeparture': 'Sun, 13 Oct 2019 02:56:15 GMT', 'userID': 1099}]"
192,5db78810f9af8b4eed23b2e9,0039,2019-10-12 19:17:48-07:00,2019-10-12 20:04:07-07:00,2019-10-12 20:04:02-07:00,2.499,2_39_139_28_2019-10-13 02:17:48.340235,0002,CA-303,2-39-139-28,America/Los_Angeles,000001202,"[{'WhPerMile': 400, 'kWhRequested': 15.2, 'milesRequested': 38, 'minutesAvailable': 173, 'modifiedAt': 'Sun, 13 Oct 2019 02:18:12 GMT', 'paymentRequired': True, 'requestedDeparture': 'Sun, 13 Oct 2019 05:10:48 GMT', 'userID': 1202}, {'WhPerMile': 400, 'kWhRequested': 15.2, 'milesRequested': 38, 'minutesAvailable': 173, 'modifiedAt': 'Sun, 13 Oct 2019 02:18:37 GMT', 'paymentRequired': True, 'requestedDeparture': 'Sun, 13 Oct 2019 05:10:48 GMT', 'userID': 1202}]"
193,5db8d98ef9af8b52c840283a,0039,2019-10-13 10:19:26-07:00,2019-10-13 13:38:46-07:00,2019-10-13 12:16:12-07:00,11.875,2_39_139_28_2019-10-13 17:19:25.954333,0002,CA-303,2-39-139-28,America/Los_Angeles,000002290,"[{'WhPerMile': 400, 'kWhRequested': 8.0, 'milesRequested': 20, 'minutesAvailable': 60, 'modifiedAt': 'Sun, 13 Oct 2019 17:21:34 GMT', 'paymentRequired': True, 'requestedDeparture': 'Sun, 13 Oct 2019 18:19:26 GMT', 'userID': 2290}, {'WhPerMile': 400, 'kWhRequested': 24.0, 'milesRequested': 60, 'minutesAvailable': 77, 'modifiedAt': 'Sun, 13 Oct 2019 18:09:40 GMT', 'paymentRequired': True, 'requestedDeparture': 'Sun, 13 Oct 2019 18:36:26 GMT', 'userID': 2290}]"
194,5db8d98ef9af8b52c840283b,0039,2019-10-13 11:25:16-07:00,2019-10-13 13:12:11-07:00,2019-10-13 12:27:31-07:00,2.9450000000000003,2_39_128_18_2019-10-13 18:25:15.661730,0002,CA-308,2-39-128-18,America/Los_Angeles,000000891,"[{'WhPerMile': 400, 'kWhRequested': 8.0, 'milesRequested': 20, 'minutesAvailable': 60, 'modifiedAt': 'Sun, 13 Oct 2019 18:25:21 GMT', 'paymentRequired': True, 'requestedDeparture': 'Sun, 13 Oct 2019 19:25:16 GMT', 'userID': 891}]"
195,5db8d98ef9af8b52c840283c,0039,2019-10-13 12:10:08-07:00,2019-10-13 13:57:31-07:00,2019-10-13 13:57:26-07:00,5.944,2_39_123_23_2019-10-13 19:10:07.791172,0002,CA-313,2-39-123-23,America/Los_Angeles,000001920,"[{'WhPerMile': 400, 'kWhRequested': 8.0, 'milesRequested': 20, 'minutesAvailable': 60, 'modifiedAt': 'Sun, 13 Oct 2019 19:11:00 GMT', 'paymentRequired': True, 'requestedDeparture': 'Sun, 13 Oct 2019 20:10:08 GMT', 'userID': 1920}, {'WhPerMile': 400, 'kWhRequested': 8.0, 'milesRequested': 20, 'minutesAvailable': 60, 'modifiedAt': 'Sun, 13 Oct 2019 20:57:15 GMT', 'paymentRequired': True, 'requestedDeparture': 'Sun, 13 Oct 2019 20:10:08 GMT', 'userID': 1920}]"
196,5db8d98ef9af8b52c840283d,0039,2019-10-13 12:19:15-07:00,2019-10-13 14:17:47-07:00,2019-10-13 12:49:46-07:00,0.923,2_39_131_30_2019-10-13 19:19:14.569573,0002,CA-305,2-39-131-30,America/Los_Angeles,,
197,5db8d98ef9af8b52c840283e,0039,2019-10-13 14:17:50-07:00,2019-10-13 17:51:49-07:00,2019-10-13 17:40:46-07:00,22.379,2_39_126_20_2019-10-13 21:17:49.702346,0002,CA-310,2-39-126-20,America/Los_Angeles,000001263,"[{'WhPerMile': 250, 'kWhRequested': 22.5, 'milesRequested': 90, 'minutesAvailable': 115, 'modifiedAt': 'Sun, 13 Oct 2019 21:18:49 GMT', 'paymentRequired': True, 'requestedDeparture': 'Sun, 13 Oct 2019 23:12:50 GMT', 'userID': 1263}]"
198,5db8d98ef9af8b52c840283f,0039,2019-10-13 15:17:08-07:00,2019-10-13 15:48:52-07:00,2019-10-13 15:47:28-07:00,0.875,2_39_125_21_2019-10-13 22:17:08.303765,0002,CA-311,2-39-125-21,America/Los_Angeles,,
199,5db8d98ef9af8b52c8402840,0039,2019-10-13 16:05:29-07:00,2019-10-13 20:01:13-07:00,2019-10-13 20:00:28-07:00,8.911,2_39_139_28_2019-10-13 23:05:18.725860,0002,CA-303,2-39-139-28,America/Los_Angeles,000003123,"[{'WhPerMile': 444, 'kWhRequested': 8.88, 'milesRequested': 20, 'minutesAvailable': 94, 'modifiedAt': 'Sun, 13 Oct 2019 23:05:29 GMT', 'paymentRequired': True, 'requestedDeparture': 'Mon, 14 Oct 2019 00:39:29 GMT', 'userID': 3123}]"
